1	(test) credit score model
2	001_Variables - global 1
3	002_Variables - variable nodes 1
4	003_Variables - variable nodes 2
5	008_Loops - 1
6	00_Building_your_first_workflow_optional
7	01 - Data Visualization with KNIME
8	01 Data Access - Solution
9	01 Data Access
10	01-FIRST_project
11	01-knime-intro-solution
12	010_Loops - 3
13	011_Loops - 4
14	014_External_WF_Call - 1
15	01. Data Aggregation
16	01 Data and Time and Databases
17	01 Data Cleaning
18	01 Data Export and Reporting
19	01_Data_Importing_and_Preprocessing_solution
20	01 Date and Time and Databases
21	01 Date and Time Databases ADDITIONAL DATA
23	01 Date and Time Manipulation
23	01 Date and Time Manipulation
24	01 Document Viewer
25	01 Practicing with Traditional Databases
26	01. Remote Workflow Execution
27	01.RF_Son
28	01_Basic_Customer_Segmentation_Use_Case
507	01_Basic_Visualizations_with_Python_View_node
30	01_CreditScoring
31	01_Data_Preparation
32	01_Data_Summarization
33	01_Duplicate_Row_Filter
34	01_exploracion_adult_csv
35	01_Introduction
36	01_KNIME_assessment_training_
37	01_Knime_Introduction
38	01_kNN
39	01_Missing_Value_Handling
40	01_NetworkComponentSplitter
41	01_Neural_Net
42	02 - create control table for tagging
43	02-EDA-tutorial-solution
44	02-lr-salaries-Solution
45	02- Write Data to a File
179	2
47	02 Cleaning & Standardization
743	02 Cleaning and Standardization
49	02 Creating Your Sports Analytics Dataset
51	02 Database Data Manipulation
51	02 Database Data Manipulation
52	02. Data Blending
54	02 Data Cleaning
54	02 Data Cleaning
55	02 Data Manipulation
56	02 Flow Variables and Components
57	02.GBT_Son
58	02_One_Hot_Encoding_solution
59	02_01_Time_Series_Seasonal_Plot
60	02_Database_Data_Manipulation
61	02_ingresos_por_sexo
62	02_Logistic_Regression
63	02_Missing_Value_Node
64	02_Outlier_Detection
65	02_Probability
66	02_regression
67	03 - Project 1 - Row and Column Filtering
68	03 - Project 3 - Row and Column Filtering
69	03- Reporting
70	03 - rule engine
69	03- Reporting
73	03 Aggregation and Data Blending
73	03 Aggregation and Data Blending
74	03. ANN Modeli (MLP)-R20,99
75	03b. Multiple dimensions - solution
76	03 Bringing Things Together - Solution
77	03 Bringing Things Together
78	03 Data Visualization
79	03 Flow Variables
80	03 Loops and Switches
81	03 Reporting - Custom Data
82	03. SVM_Son (SVR)
83	03. Train Model - solution
84	03_klassifikation
85	03_KNIME_assessment_interactive_app
86	03_Linear_Regression
87	03_row_filter
88	03_Rule_Engine
89	04 - Adavanced Analytics - Time Series
90	04 - create control table for formatting
91	04 - Project 1 - Numbers Strngs and Rules
92	04 - Project 3 - Data Transformation
326	4
94	04. ANN-MLP_Son
95	04 Cleaning and Filtering
96	04. Data Mining
97	04 Data Transformation - Solution
98	04 Data Transformation
99	Decision Tree Model
101	04 Decision Tree Model
101	04 Decision Tree Model
102	04 Flow Variables - Custom Data
103	04 Numbers Strings and Rules
104	04_Exercise_Solution
105	04_Regression_Trees
106	05- Components
107	05 - format the header
108	05-JKLSeason2
109	05 - Project 1 - Data and Time Manipulation
110	5
111	054005_054049
112	54047
113	05 Bags of Words and Frequencies
114	05 Data and Time and Databases
115	05 Date and Time and Databases
116	05. DNN_Son
117	05 Excel Sheets Formatting - Solution
118	05 Excel Sheets Formatting
141	07 Join and Concatenate
120	05 Machine Learning - Solution
2076	05 Machine Learning
122	05 Recursive Loop
123	05_Choose The Football Game You Want To Bet On Wisely
124	05_Read_Data_from_Database
125	05_Recursive_Loop - Solution
126	06 - format the finance column
127	06 - Project 1 - Aggregations
128	06 - Project 3 - Aggregations
129	06- Switches
339	6
131	06 Data Export and Reporting - Solution
944	06 Data Export and Reporting
133	06 Dimensionality Reduction
134	06 Document Vector
135	06_Random_Forest - Solution
136	06_Random_Forest
137	07 - freeze the first row and autosize
138	07-JKISeason2
139	07 - Project 1 - Join and Concatenate
140	7
141	07 Join and Concatenate
142	07 Loops - Custom data - loop 2
143	07 Loops - Custom data - loop 3
144	07 matching non matching strings
145	07 Visualizations
146	07_BIRT_Example_Basic
147	08 - apply formats
148	08 - Project 3 - Regression Model
149	8
150	08 Database Data Manipulation
151	08 Decision Tree Model
152	08 Regression Model
153	08 Topic Detection
154	08_Topic Labeling via a Large Language Model (LLM) via Prompt Engineering (Experimental)
155	09 - Project 3 - Decision Tree Model
156	DataModel02
157	09 Decision Tree Model
158	10 - Billing - CargaInicial
159	10 - Project 3 - Write Data to a File
160	10
161	10 Write Data to a File
162	11 - Project 3 - Reporting
163	11
164	163005_163012_163017
165	18_Decision_Tree
166	1. data preprocess
167	1 Document Viewer
168	1. feladat
169	1st_ass_casualty_dimension
170	1st_ass_collision_dimension
171	1st_ass_data_preprocessing
172	1st_ass_driver_dimension
173	1st_ass_fact_table
174	1st_ass_location_dimension
175	1st_ass_time_dimension
176	1st_ass_vehicle_dimension
177	1st_ass_visuals
178	1_Telve
179	2
180	20150915_CollectionComparision
181	20150915_deleteMinMax
182	20150915_RemoveWhiteSpace
183	2015_09_15_split
184	2015_10_20_DataTransposing
185	2017_01_23_WindGust
186	2017_01_26_TabletoMatrix
187	2017_07_25_NodeTypes
188	2017_07_26_AllCombinations
189	2017_08_01_frequentItems
190	2017_09_08_recursiveSearch
191	2017_10_06_collecting4Ports
192	2019_01_04_RemoveZoneAndTime
193	2019_03_08_PMMLCompare
194	2019_05_02_From_One_Row_To_Many
195	calculate_next.knwf
196	2019_07_23_GroupBy_Data_Preparation
197	2019_08_02_LoadTonsOfJsons
198	20200331_Pikairos_Substract_Between_Two_Different_Tables
199	2020_03_23_RandomMatcher
200	2021-01-10_Vlookup function
201	RSS Terms per Document Frequency Word Cloud
202	20211201 Pikairos Handling missing value in clustered data
203	20211027_Bildanalyse_V0
204	20220303_location
205	20220307_split_names
206	20220309_filename_binner
207	20220318_year_range
208	20220322_zipcodes
209	20220323_plot_clusters_scatterplot
210	20220327_calculating_through_list
211	20220328 Pikairos Basket Players Matching
212	20220423_get_news_2levels
213	20220505_overlaps
214	20220506_type_conversion
215	20220601 Pikairos Calculate Non-Connected Subgraphs in Relational Graph using Network Mining nodes
216	20220707 Pikairos Machine learning based on signals or sets of descriptors
217	20220708 Pikairos Calculate percentage by column
218	20220712 Pikairos Compare List of Ingredients
219	20220716 Pikairos How to convert normalized to predictions
220	20220914 Pikairos Removing all leading zeros from string
221	20220915 Pikairos Adding columns into one column
222	20220922 Bayesian Classifier CDPK1 Classification SOLUTION
223	20221008 Pikairos Change ONLY first occurrence of specific string in a column
224	20221111 Pikairos Divide by a Row value and Multiply by a constant
225	20221124 Pikairos How to filter rows based on a list of terms using the Cross Joiner and Rule Base filter nodes
226	20221207 Pikairos Bayesian Classifier for CDPK1 using H20 plugin and Fingerprints
227	20221226
228	20221229 Pikairos calculate average value per hour for non uniformly sampled time data series
229	20230103 Pikairos Replace First Date of the month with First Day of same month
230	20221230 Pikairos String to Date and Time
231	20230103 Pikairos How to create a list starting from a matrix
232	20230105 Pikairos How to Calculate Hamming Distances from Tanimoto Distances
233	20230112 Pikairos Convert Double to Integer in String Format with Comma and Decimal Separators
234	20230126 Pikairos Min-Max Normalization based on a group of columns
235	20230208 Pikairos Complicated Counting Problem
236	20230308_コドン
237	20230406 Pikairos Compare and match 2 Columns 1
238	20230410 Pikairos Splitting HTML element into rows
239	20230415 Pikairos Normalizer Node Calculations into Separate Columns
240	20230423 Pikairos JustKNIMEIt Season 2 Challenge 4 Spread Yearly Values Across Months With Loop
241	20230423 Pikairos JustKNIMEIt Season 2 Challenge 4 Spread Yearly Values Across Months Without Loop
242	20230424 Pikairos Simple Regression
243	20230426 Pikairos Cross Joiner
244	20230515 Pikairos Table Row to Variable Loop With Rule Engine
245	20230516 Pikairos Convert Object Categories Into Binary Fingerprints
246	20230523 Pikairos Convert Matrix into Binary Fingerprints
247	20230531 Pikairos JustKNIMEIt Season 2 Challenge 10 Calculating YTD and MTD for Restaurant Yummy
248	20230620 Pikairos Copy One Row In Multiple Rows With Delimiter
249	20230704 Pikairos Compare Column Headers From 2 Tables
250	20230819_Concatenate
251	20230819_Excel_Read_Write
252	20230819_GroupBy
253	20230819_Joiner
254	20230819_KNIME_First_Project
255	20230819_RowFilter_Splitter
256	20230819_XXtoYY
257	20230821_StringManipulation
258	20230822_MathFormula
259	20230823_Sorter
260	20230824_Pivoting
261	20230826_Column_Rename_Filter_Resorter
262	20230826_Unpivoting
263	20230827_FlowVariable_DataTimeConfiguration_ExcelSheetAppender
264	20230829_Loop
265	20230903_CSVReaderWriter
266	20230903_FileReader
267	20230907 Pikairos JustKNIMEIt Season 2 Challenge 24 Fraudulent Email Address Detection
268	20230911_Transpose
269	20230915_DateAndTimeDifference
270	20230916_ExtractColumnHeader
271	20230916_InsertColumnHeader
272	20230916_ReferenceColumnFilter_Splitter
273	20230916_RowID
274	20230916_RuleEngine
275	20230917_CellSplitter
276	20230917_MissingValue
277	20230917_ValueCounter_ConstantValueColumn
278	20230918_CrossJoiner
279	20230918_DateAndTime-BasedRowFilter
280	20230918_DateAndTimeShift
281	20230918_ExtractDateAndTimeFields
282	20230919_CreateDirectory
283	20230921 Pikairos JustKNIMEIt Season 2 Challenge 26 Calculating Sales Performance
284	20230924_CreateTempDir
285	20230929 Pikairos JustKNIMEIt Season 2 Challenge 27 Exploring World Cup Datasets
286	20231006 Pikairos JustKNIMEIt Season 2 Challenge 28 Funnel Plotting with Plotly
287	20231016 Contour Plot (Plotly)
288	2024 -Week 1 - Prep Air's Flow Card
289	2024 -Week 2- Average Price Analysis
290	2024- Week 6 - Staff Income Tax
291	210414_Olympic_Games_Medal
292	21_EatingOut
293	230919 ZScore Heatmaps for High throughput screening
294	2019_07_29_24-Month_Period_Detection
295	240403 search for similar molecules
296	26354
297	28878-time-date-variable-use
298	28915-extract-calc-value-add-as-constant
299	2. data visualisation
300	2. Kafka Producer
301	2 Reading Text Data
302	2Scatter_deneme
303	2 Write Data to a File
304	30052-if-statement
305	3007_Assignment
306	311006_311045_Project 1
307	311006_311045_Project 2
308	311022-311036
309	311022_311036
310	311031- 311044- 311112
311	311066_311077_Project 1_UnSupervised Learning
312	311066_311077_Project 2_Supervised Learning
313	311162_311171_Project 1
314	311162_311171_Project 2
315	31256-getting-time-stamp
316	31485-looping-through-excel-sheets
317	31501_regex_matcher
318	31892-struggling-to-split-cell
319	3. decision tree classification
320	3 KNIME Excel CaseStudy solution
321	3. Model Deployment with kafka
322	3 Reporting
323	3 Rows and Colum Filtering
324	3 Tagging
325	3_WC
326	4
327	4.1 k-Nearest Neighbors with k=4 (WineData)
328	4 Cleaning and Filtering
329	4 Decision Tree Model
330	4 Flow Variables
331	4KNIME_project
332	4. knn classification
333	4 modul Zaytsev
334	4 Numbers Strings and Rules
335	4_Ash
997	4_Final_Project_RH
337	50143
338	5. Gaussian naive bayes classification
339	6
340	62695-appending-sheets
341	6 Aggregations
342	6 Document Vector
343	6. Simple Regression Tree
344	6 Switches
345	7-tage-inzidenz_evolution_Berlin
346	78264 - Mixed types in one column
347	7 Join and Concatenate
348	7. Linear Regression
349	7 Visualizations
350	7_Passes_JKISeason2-7
351	8.1 Practical Machine Learning with R Churn Analysis (unbalanced)
352	8.2 Practical Machine Learning with R Churn Analysis (balanced with SMOTE)
353	COLUMN-COMPARE_website-boosting
354	8 Decision Tree Model
355	8. polynomial regression
356	8 Topic Detection
357	9
358	99 - final workflow
359	9. Random Forest Regression
360	aayaza_workflow
361	aayaz_workflow21
362	Aba Gasto Teste 2024
363	ABC_Analysis_Coefficient_of_Variability_Approach
364	ABC_Analysis_Naive_Approach
365	ACADEMIC_PERFORMANCE_2021
366	Accessing columns by position or by name or by variable
367	Accessing GitHub API
368	Accounting add credit column
369	ACreditScoring
370	AD - Análise Diagnóstica
371	AdarshSingh_CreditScore Model
372	Adarsh_Churn Prediction Model
373	Add Column Number
374	2020_09_25_Adding_Cluster_Labels_k-Means_Custering
375	2020_10_12_Adding_Missing_Records
376	Add Line Chart To Table
377	Add missing months to dataset
378	addrows
379	Add separator after every 2nd character
380	Addup or Countup by Group
381	Add variables to specific cells
382	AddZeroToDigitsForSorting
383	ADI-Group-Workflow
384	Aditya_credit score model
385	Adjusted_R2_Measure
386	Simple workflow - to be prepared to be run in LiveDesign
387	Admi
388	15_Advanced_Query_Building
389	Day1_CalorieCounting
390	Day2_RockPaperScissors
391	ADVNVAi_Facebook-KOERS
392	ADVNVAi_get-data_HDD
393	ADVNVAi_get-data_meemooAPI
394	Adv_Trees_Chap3_Rule_Induction
395	Adv_Trees_Chap6_PMML
396	Adv_Tree_Chap4_Python_Script_Node
397	Adv_Tree_Chap5_Random_Forest
398	Adv_Tree_Chap6_DataReduction
399	Adv_Tree_Chap6_Inspector
400	AED_Multivariada
401	AED_Univariada
402	aflevering2
403	aflevering 3
404	Age Group Distributed Clean Data
405	Age Group Distributed Clean Data 1
406	Aggregate data - Student Cancelling Reasons - Post 77160
407	Aggregate Data
408	kn_forum_27700_spot_rate_previous_month
409	Aggregation and Data Blending LAB
410	Aggregator Advisor
411	Airline
412	Airline Customer Satisfaction
413	Airport-2
414	Airport-3
415	Airport-Carl-Tree
416	AirTemp
417	Air_02
418	Air_05
419	Air_Quality
420	Ajusting Quantities to be ordered to suppliers Minimum ordering quantities
421	Akhtar_et_al_Bacterial_FISH_Example_Workflow
422	Algoritmo_K-Nearest_Neighbors
423	Schulen
424	2019_09_05_All_in_One_Row
425	AMAZON_BI
427	Amazon_workflow_9.16
427	Amazon_workflow_9.16
428	AMIA Demo Project
429	Amrit Anand
430	AnaliticaPelis
431	Analtyics_FlightTour_ML
432	Analyse_des_indicateurs_de_l'égalité_femme-homme
433	Analytics Workflow - Schedule Deployment
434	Analytics Workflow - Service Deployment
435	Analytics Workflow - Trigger Deployment
436	02_Analyze_Apply_Churn_Predictor
437	01_Analyze_Training_a_Churn_Predictor
438	03_Analyze_Clustering_location_data
439	04_Analyze_Linear_Regression
440	Analyze_Particles
441	Binary to Table
442	And_OR_Else if
443	Ankit_Bhardwaj
444	Annotations_DuplicateFilter
445	Announcement Volumes
446	A111_GetRequest
447	Append current month column
448	s_420_spark_h2o_apply
449	Approximate match mapping
450	App_store_wf
451	AprendizajeSupervisado2
452	apriori_1077
453	ArbolAlexandraRamirez
454	Arboles_Dessicion
455	Arbol_decision
456	arm_degerlendirme
457	Array-Values to Columns with occurence count
458	AryanDevbrat_Credit_Scoring
459	AshishUpadhyay_Knime
460	Ash_2
461	Ash_5
462	Ash_Day 1
463	Ash_Day2
464	Ash_project1 Day 1
465	Ash_project1 Day 2
466	Ash_project3
467	assesment
468	assesment1
469	Assessment1(Khushi Chaudhary-87)
470	assessment1
471	Assessment Task 2
472	Assigment 1
473	Assigment 1 Backup
474	assignment
475	Assignment 2, Question 8
476	Assignment 2
477	Assignment3-Question2C,5
478	Assignment 3 Question 7
479	Assignment_1.2
480	Assignment_2
481	Association Mining
482	assoziationsanalyseBWM_WIM
483	Asssesment Project Credit Scoring
484	A template pattern for Cumulative Calculations using Standard Nodes with a Recursive Loop
485	AU5800_CalPassFail_DataCompare
486	Aula 03
487	AustinRestaurant
488	auto incrementing number based on specific column value
489	Automate Column CreateRename to P1-P9  -Adr
490	Automate Column CreateRename to P1-P9  -v2
491	AVANCE PROYECTO CLASE (KNIME)
492	Average Wind and Airflow
493	Avinash_KNIME_MRA2_MBA
494	Avinash_KNIME_project_MRA_2
495	avocado's prices simple regression
496	Ayumitha Yulianti_Data Cleaning Project_SMKN 7 Jakarta
497	BACKLOG HUB´S
498	bank churn
499	Bankruptcy_Prediction
500	Bank Telemarketing
501	Bank_Personal_Loan_Modelling-1(PCA)
502	Bank_Personal_Loan_Modelling-1
503	Bank_Personal_Loan_Modelling-2(categorical)
504	BarChartQues
505	17887
506	Session_01_table_demo_1_table
507	01_Basic_Visualizations_with_Python_View_node
508	BasketballCleaningHubversion
509	BasketballCleaningHubversion 1.2
510	Basketball Hubversion 2
511	BATD_aula2
512	BDA_Capstone_UserClassifier
513	BDDAProject New
514	BDDA_Mid Term
515	BD_PRUEBA1
516	BD_tarea_Alvarado_Paz
517	BENFORD
518	01_Big_Data_Preprocessing_Example
519	Binary Operations
520	BindingDB_Compound2Targets
521	BindingDB_Target2Compounds
522	Bing Isochrone (To Share)
523	binning
524	BIRT-Workflow-1-with-2-Input-Tables
525	BIRT-Workflow-2-with-1-Input-Table
526	BIRT Report bioactivity prediction
527	02_Bivariate_Analysis
528	BLOB_PARSE
529	Blog - Predictive Nodes in KNIME
530	BMM-2023-W2
531	BMM-2023
532	Bocquet_Mickaël_1_workflow_KNIME_102023
533	Bölüm 8-Ders 39
534	titanic-boostedtrees
535	BradyDiff
536	3 Usage of Breakpoint in a Loop
537	Breast Cancer Binary Classification
538	Breast Cancer Prediction Production Workflow
77	03 Bringing Things Together
540	Building_a_creditscoring_model
541	Building_A_Credit_Demo1
542	Building a JSON Tree
543	Building a Predictive Model
544	Building Sentiment Predictor - Lexicon Based
545	Building CNN from scratch with Keras Layer nodes
546	Build a Simple Classifier
547	bulding a credit card
548	bulk_change_column_header
549	kn_forum_43934_excel_bulk_import
550	Bülten Gazeteciliği Churnalism
551	Business Insider Markets
552	C-H bond functionalization
553	C04
554	C10
555	C24_Fraudulent Email Address Detection
556	C25_Detecting the Presence of Heart Disease
557	C27_Exploring World Cup Datasets
558	C28_Funnel Plotting with Plotly
559	C29_Table Tennis Tournament
560	c4.1_1_House_Prices_prediction
561	c4.1_2_Titanic_Passengers_Prediction
562	c6.2_1_get_gold_price_data
563	CA2 (Group)
564	Cabana_Santillan_Knime
565	Cacellation L POC accounts
566	Cafe
567	CalculadoraRDKitDescriptores
568	Calculate Area
569	Calculate date difference between each row of CarID
570	Calculate number of weekdays and weekends of customer stay
571	Calculate period new or lost customer
572	Calculate Rate of Increase
573	Calculate Totals (Multiple Files)
574	Calculate week start and end
575	Calculating Monthly Change in Financial Accounts-adr
576	Calculating Sales Performance
577	calculation
578	calculoSimilitudCDK
579	Calendar Creation
580	CallCenterProject
581	Call Workflow Example
582	cambio_de_mes_en_una_celda
583	Cancer data
584	CarMax Prediction Read in Data and Clean Data
585	carsells
586	Car Analysis Cross Validation Un Analista Peruano Init
587	car_data_with_without
588	Car_Price_Prediction
589	car sales
590	casanissei
591	CASE-SWITCH-EXAMPLE
592	Case1-Mapping and Analyzing Population Density Pattern in Baton Rouge
593	Case2A1-Geocoding Hospitals and Estimating Euclidean and Manhattan Distances
594	Case2A2-Estimating and Comparing Distances by Google OSRM and Road Network
595	Case2B-Analyzing Distance Decay Behavior for Hospitalization in Florida
596	Case3B-Area-Based Interpolations of Population in Baton Rouge
597	Case3C-Detecting Spatiotemporal Crime Hotspots in Baton Rouge
598	Case4A-Defining Service Areas of Acute Hospitals in Baton Rouge
599	Case4B1- Delineating Hospital Service Areas by the Refined Dartmouth Method
600	Case5A-Measuring Accessibility of Primary Care Physicians in Baton Rouge
601	Case5B-Implementing the 2SVCA Method for Telehealth Accessibility
602	Case6A-Function Fittings for Monocentric Models at the Census Tract Level
603	Case6C-Function Fittings for Monocentric Models at the Township Level
604	Case 7-PCA FA CA and application in Social Area Analysis
605	Casee8B-Detecting Colocation between Crime Incidents and Facilities
606	Case09A-One Level Spatial Clustering
607	Case9B-Calibrating Clustering Indicators WTVR and Compactness
608	Case10-Implementing the Garin-Lowry Model in a Hypothetical City
609	Case11B1-Location-Allocation Analysis of Hospitals-Part 1 Data Preparation
610	Case11B2-Location-Allocation Analysis of Hospitals-Part 2 location-allocation
611	Case14A-Spatiotemporal Big Data Analytic-Rebuilding Taxi Trajectory
612	Case14B-Spatiotemporal Big Data Analytic-Aggregating Taxi Trajectory between Grids
613	Case 3 DC Selection
614	Case 3 DC Selection Without Outliers
615	Case Study 2
616	CAS Applied Data Analytics - Wiederholer in Zahlen und Prozent
617	Diplomarbeit CAS Buchung Tage vor Abreise
618	Categorical Autocorrelation
619	Categorizing Notes
620	Category to Number
621	CC_Scoring
622	CDC cancer data
623	cdf_example
624	CDK_in_javasnippet
625	Cell Splitter by Position Using Variables
626	Cell Splitter Multiple Delimiters
627	Just Knime it-21
628	Challange_19
629	Challange 21
630	Challange 23
631	Challenge-04
632	challenge-3
633	Challenge-5 justknimeit 5
634	Challenge 01_-_Comparing Exchange Rates
635	Challenge 02_-_Segmentation of Credit Card Users
636	Challenge 04
637	Challenge 04 Spread Yearly Values Across Months
638	Challenge 04_-_Spread Yearly Values Across Months
639	Challenge 05
640	Challenge 05 Rank Countries by Air Quality and Water Pollution
641	Challenge1-KeepSimpsonMarge
642	Challenge10
643	Challenge 11_-_Mean Time to Close a Ticket
644	Challenge 13_-_Onsite and Online Transactions
645	Challenge 14 - Removing Noise from Data
646	Challenge 14 Removing Noise from Data
647	Challenge 14_-_Removing Noise from Data
648	Challenge 15 - Extracting a Table from a PDF
649	Challenge 15 Extracting a Table from a PDF
650	Challenge 15_-_Extracting a Table from a PDF
651	Challenge 17 Housing Market Madness
652	Challenge 18 - Categorizing Notes
653	Challenge 19 - Employee Skills
654	Challenge 19_-_Employee Skills
655	Challenge19_2022_skills
656	Challenge 20 - Patient Network Days
657	challenge 20220209
658	challenge 20220216
659	challenge 20220223
660	Challenge 21 - Eating Out
661	Challenge 21 Eating Out
662	Challenge 21_-_Eating Out
663	Challenge 23 - Churning Problem - Solution
664	Challenge 23 - Modelling Churn Predictions
665	Challenge 23
666	Challenge 23 Modeling Churn Predictions - Part 1
667	Challenge 28 - Left Triangle Star Pattern
668	Challenge 28
669	Challenge 28 Left Triangle Star Pattern
670	Challenge 28_-_Left Triangle Star Pattern
671	Challenge 3 - CDC Cancer Data
672	Challenge 3 - CDC Cancer Data AV
673	Challenge 3 -justknimeit-3
674	Challenge3
675	Challenge 32 - Change Structure of an Excel File
676	Challenge 32 Change Structure of an Excel File
677	Challenge 32_-_Change Structure of an Excel File
678	Challenge 33 - Medical Procedure Prices
679	Challenge 33 Medical Procedure Prices
680	Challenge 34 - Word Scramble
681	Challenge 36 - Implementing Custom Time Alignment
682	Challenge 37 - Text Deduplication
683	Challenge 37 Text Deduplication
684	Challenge 3_-_CDC Cancer Data
685	Challenge3_2022_cancer
686	Challenge3_CDCCanerData
687	Challenge 4 - Days With Price Changes(2)
688	Challenge 4 -justknimeit-4
689	Challenge 4
690	Challenge 4_-_Days with Price Changes
691	Challenge4 - Days With Price Changes
692	challenge4_2022_price_changes
693	Challenge 5 - Date to Fiscal Year AV
694	Challenge 5
695	Challenge 5_-_Date to Fiscal Year
696	Challenge5 - Date to Fiscal Year
697	challenge5 contract dates
698	Challenge5_fiscalyear
699	Challenge 6 -justknimeit 6
700	Challenge5_2022_news_survey
701	Challenge 9 - Simple Anonymization
702	Challenge 01 - Comparing Exchange Rates
703	Challenge_19_Just_Knime_It
704	Challenge_2_v1
705	Challenge_20_Patient_Network_Days
706	Challenge_21_Eating_Out
707	Change date format to dd-mm-yyyy
708	Change date from yyyyMM to dd MMMM yyyy
709	kn_forum_42385_replace_strings_questionnaire
710	Change structure of an excel file
711	Change_Weekends_To_Monday
712	Changing Names of Multiple Files
713	Changing Names of Multiple Files rev 1
714	Changing Names of Multiple Files rev 2
715	Changing value after certain age
716	channel_correlation
717	Charts and Spreadsheets
718	Chat GPT
719	Checar Preços de Site
720	2019_08_01_Modifying_Time_Zone_Check_Daylight_Saving
721	kn_forum_48440_join_long_texts
722	Cheminformatics
723	Chemistry external tool 1
724	Chunking Invoices
725	churn prediction
726	ChurnPrediction2
727	churn_deployment
728	Churn_Prediction
729	Churn_Prediction_Deployment
730	CIS575_Reseach_Project
731	ciullajn Aggregation and Data Blending Custom Data
732	ciullajn Data Cleaning Custom Data
733	ciullajn Date and Time and Database Custom Data
734	ciullajn_BringingThingsTogether_CustomData
735	ciullajn_CleaningAndStandardization_CustomData
736	ciullajn_DecisionTreeModel_CustomData
737	ciullajn_ExcelSheetsFormatting_CustomData
738	ciullajn_MachineLearning_CustomData
739	20220722
740	Iris_Classification_with_ANN
741	Class Test 3.8.23
742	claster
743	02 Cleaning and Standardization
744	Cleaning data
745	clean_data
746	Clear-Outside-Sphere
747	CLMS view review
748	clustering(k-means)
749	mall_customer(PCA)
750	ApplicationToyData_UnlabeledTruth
751	ApplicationIris_UnlabeledTruth
752	2019_08_12_Clustering_Strings
753	filterQuarter
754	mall_customer
755	Ejemplo_Clustering
756	Clustering_iris
757	clustering_Oct24
758	Cluster Visualization
759	CMiP Sentiment Analysis
760	CMI_REPORTE_TAM_MENSUAL
761	Collaborative Drug Discovery_CDD_Build_JSON_for_POST_Data
762	CollectionColumns
763	kn_deeplearn_900_collect_results
764	Coloring Bar Charts with only 2 columns of data
765	Coloured_Column
766	Colouring sunburst
767	Column Combiner
768	Column Expression Forum 01
769	column expression node error
770	kn_forum_71947_column_expression_double
771	I213_ColumnExpression
772	Data Manipulation Techniques
773	Column Expressions Have Long Memories
774	Column Filter
775	Column filter flow variables
776	Column Filter with partial match not filtering
777	column manipulations
778	LR column radar plot
779	Column Rename
780	Column Resorter
781	Column Splitter
782	Column Splitter ycbing77 Rev 1
783	ColumnToRow_Trying
784	column_correlation_analysis
785	Combinations of columns
786	combinaton_of_words_tagger
787	Combine_Date_And_Time
788	Combining Column Headers and Values
789	Compare confo search methods
790	Compare Date Structure
791	2019_10_03_Comparing_Two_Tables
792	compare_row_pairs
793	Compare_two_Excel_files_missing_mismatch_entries
794	Comparison
795	ComparisonSelection
796	00_KNIME_Workshop_basics
797	Complex Regex Split
798	concatenate
799	concatenate_flow_variables
800	ConcatenationDemo1
801	Concatinate_By_Name
802	Conditional Invoice Date
803	Conditional Invoice Date w Day Adjustment
804	Conditional Invoice Date w Weekend Adjustment
805	Conditional SUm
806	Conecta_PythonExcel
807	QM Conformational search 1
808	Connected components
809	Consolidado
810	Consolidate Budget Files
811	Constant Value Column
812	Constant Value Column Int Varaible causing error
813	kn_forum_excel_2lines_header
814	Contacts
815	Container Output
816	Conta quantidade de linhas e adiciona em outra tabela como coluna
817	05_Contours_and_Density_Plot_with_Python_View_node
818	kn_forum_61537_decimal_to_binary_conversion_python
819	Conversion of Multiple Rows
820	Conversion of Multiple Rows rev 1
821	Conversion of Multiple Rows w Bins
822	Convert to (Decimal) Binary
823	ConvertATableToAnother
824	Convert data from KNIME to R and back with split of text column - KNIME Forum (76340)
825	convertdate
826	Convert date formats
827	Convert Decimals to 100
828	kn_forum_27849_excel_number_to_date
829	Converting JSON file to CSV file
830	Convert to OHLC
831	Convert words with 3 or less characters to uppercase
832	Convex Hull
833	Coordinates inside polygon
834	copy-paste-the-data-in-a-particular-line-of-the-same-tab-but-different-files-72617
835	kn_example_move_csv_files
836	Copy or Move Files
837	Correlation Example
838	Cost of Goods Sold
839	2019_08_02_Cost_per_Attendee
840	Cotizaciones de Monedas en Tiempo Real
841	countif
842	2019_11_26_Counting_Target_Date
843	Count missing values
844	Count repeated values
845	Country Agency List
846	Count specific text from column
847	count values
848	COV771-Iris
849	Covalent docking
850	COVID-19 SARS-CoV-2 preprints from medRxiv and bioRxiv
851	Crear una fecha a partir de una variable
852	Create a Query using AccessDB
853	Create a Rank variable with leading zeros - KNIME Forum (77507)
854	Create Date Range for seasonal Interval - KNIME Forum (75956)
855	created scoring
856	kn_example_r_heatmap_cars
857	Create JSONL File
858	Create Labeling from Bitmask and Labels
859	Create Time Intervals Rev 1
860	Create Time Intervals Rev 2
861	Create unique sequence column
862	Creating additional rows based on hours intervals between existing rows
863	Creating line graph
864	KNIME_project_creditScoring
865	credit Score
866	Building a Credit Scoring Model
867	Credit scoring 1
868	Credit Scoring Assesment 1 Project
869	Credit scoring by neural network
870	CREDIT SCORING KNIME PROJECT
871	Credit Scoring Model
872	Credit Scoring Model Project
873	credit scoring project
874	Credit scoring through Neural Network, Sum and Standard Deviation on KNIME
875	Credit scoring through Neural Network
876	Credit scoring through Neural Network Standard Deviation
877	Credit Scoring Via Neural Network
878	Credit Scoring Via Neutral Network
879	credit Scoring_proj
880	CreditBuildingModelDEmo
881	creditcardscoring
882	creditscor
883	CreditScore
884	creditscore127
885	credit score assesment question
886	CreditScoreByAryan
887	credit score project 2
888	creditscore_assesment
889	creditscore_project10
890	CreditScoring
891	CreditScoring1
892	CreditScoringModelDemo
893	creditScoringWork
894	Credit_Card_Scoring
895	credit_project4
896	credit_scoreassessment1
897	Credit_Score via Nural network
898	credit_scoretest
899	CREDIT_SCORE_
900	credit_score_model
901	Credit_Score_project
902	CREDIT_SCORING Project
903	Credit_Scoring_Assessment1
904	credit_scorng
905	cred_scoring_model
906	Cryptopunks
907	CSS Table Editor Highlighting
908	CSV-Power BI
909	CSV - Import Complex Structure - KNIME Forum (76935)
910	CSV Duplicate Column Aggregation
911	csv recursive download
912	CTC Scorecard
913	Current Stock_Weekly Demand
914	Custom Bar Chart Colors for each Bin
915	custom data
916	Custom Workflo
917	CustomerRiskPrediction
918	customer_data_blended_standard
919	Cut Out by Specific Character
920	CVD1 Automation
921	Resume_Builder
922	cw3
923	2019_11_27_Cycle_Determination
924	DABI-assignment
925	Dairy Production
926	Data
927	Data Access - 01 Flat files
928	Data Access - 02 Statistics files
929	Data Access - 03 Databases example
930	Data Access - 04 NoSQL Database
931	07_Data_Aggregation
932	data Blending1
933	Data Blending & Aggregation
934	Data Cleaning HomeWork FJ
935	Data Cleaning LAB
936	Data Cleanse 1
937	Data Cleanse 2
938	Data Cleanse 3
939	Data Cleansing
940	Data Cleansing - 1
941	Data Cleansing - 2
942	Data Cleansing - 3
943	Data Cleansing Techniques
944	06 Data Export and Reporting
945	Lab 3 - Data Export and Reporting
946	Data Export Example
947	Data Manipulation
948	Data Manipulation - 1
949	Data Manipulation - 2
950	Data Manipulation 1
951	Data Manipulation 2
952	Data Manipulation Question
953	05_Data_Manipulation_Using_Pandas_and_PyArrow
954	Data Mapping & Transformation
955	Dataanalys_unit_1_Exercise_1_data_validation_solution
956	Dataanalys_unit_1_Lesson_1
957	Data Pre Processing_ Ash
958	Data prep & Modeling
959	kn_forum_39929_workflow_for_video_preparation
960	Data Preprocessing
961	DATA PREPROCESSING AND ML
962	Data Science - 1
963	Data Science - 2
964	Data Science Assignment 2
965	Data Science Model 1
966	Data Science models
967	2019_10_04_Data_Splitting
968	Data transforming - vertical to horizontal
969	Data Visualization
970	Data Visualization - 1
971	Data Visualization - 2
972	Data Wrangling _ Conditional Loop based on Sepcific Column Value (two sources)
973	Data Wrangling _ Deconstructing Aggregated Values
974	Data Wrangling _ Dynamically Ranged Moving Aggregation (no Loop)
975	Data Wrangling _ Filtering with Wildcards (Regex Logical Indexing)
976	Data Wrangling _ Generate OneToMany AlphaNumeric Rows Sequence
977	Data Wrangling _ Handling Pipes with regexMatcher
978	Data Wrangling _ Identify Time Overlap
979	Data Wrangling _ Mean  Swap by Categories
980	Data Wrangling _ Most Frequent Wildcard Combinations
981	Text Processing _ Multi-line_Text_to_Multi-row
982	Data Wrangling _ Project Compare - Setting Start Year
983	Data Wrangling _ Py Script _ Unpivot Data (nested hierarchy)
984	Data Wrangling _ Recursive Equation
985	Data Wrangling _ Rolling (unlimited) Columns Deduction
986	Data Wrangling _ Search String in Multiple Lines
987	Data Wrangling _ Working Out Overlapping Downtime
988	Database Manipulation 3
989	16_Database_Structure_Manipulation
990	dataminer_1_fun-with-joining
991	DataMining
992	DataPrep
993	Dataset cleaning and formatting
994	dataStage
995	DataTypeConversion
996	DataVisulization
997	4_Final_Project_RH
998	Data_Cleansing
999	Data_covid
1000	Data_Manipulation
1001	data_processing
1002	Data_Science_Project_1
1003	Date&Time filtering example
1004	Date&Time_Difference_Months_ERROR
1005	Date Add
20	01 Date and Time and Databases
1007	1 Date and Time and Databases
1008	Date and Time difference based on working hours
1009	Date and Time to String fails
1010	Date conversion-ADR
1011	kn_forum_74434_datetimediff_column_expression
1012	Date Filtering
1013	StringConversionWithoutLeadingZeroes
1014	Date Time to UNIX
1015	Date Transformation
1016	DateClustering 2023-01-10
1017	Dates – Calculate week number based on date
1018	datetime_configuration
1019	DateTime_Diff
1020	date_and_time_example_knime_4.7
1021	datos
1022	Day5_Ash
1023	Day 1_2 - Transpose_ Cross-tab_Pivoting
1024	Day 2_Ash
1025	Day 2_Ash2
1026	Day 3_ash
1027	days of fast and slow wind
1028	Challenge 4 - Days Whith Price Changes AV
1029	Days With Price Changes
1030	DB Writer e altri writer
1031	de alteryx a KNIME(2)
1032	de alteryx a KNIME
1033	De Joglo Case
1034	Dealing with Diabetes
1035	Dec3Inc
1036	DecimalPivotTest
1037	Decision Tree Boundaries
99	Decision Tree Model
1039	DecisionTreeModel CustomData SH
1184	Exercise4_Model_Decision_Tree
1184	Exercise4_Model_Decision_Tree
1042	Decision_Tree_scikitlearn
1043	kn_example_base64
1044	Decoding Base64 to PNG
1045	Deepak credit scoring
1046	default of credit cards clients
1047	default of credit cards clients (SMOTE)
1048	Delete Last Row
1049	demo-ref-table-filter-string-search
1050	DEMO
1051	Demo3
1052	Demo4
1053	Demo 2
1054	Demo KAI
1055	DemoCreditScore
1056	kn_example_csv_import_multiple_csv_types
1057	dtc_001_column_reference
1058	xml replacer and insert with xml demo files using xslt
1059	demo_db_migration
1060	Demo_flow
1061	2021_03_09_Denormalizing_Predictions_after_MLP
1062	02_Deploy_Reporting_Example
1063	Deploying a churn
1064	Deployment_test
1065	Der erste Workflow
1066	Derive Value From a foreign row on a column match
1067	MD simulation 1-3
1068	Detect Stamp in Image
1069	Detecting the Presence of Heart Disease
1070	DGE
1071	DHP
1072	Diabetes2
1073	Training
1074	DiamondData
1075	DictionaryTagging_OwnTagSet
1076	different formats - align columns B, C and D
1077	differential_analysis_of_protein data
1078	Dinda Aulia_Data Cleaning Project_SMKN 7 Jakarta
617	Diplomarbeit CAS Buchung Tage vor Abreise
1080	Discovery of Hybrid Process Models
1081	Distance matrix_labeling
1082	Distributed Text
1083	distribution center 1 team 1
1084	diurnal_curve
1085	divide tables
1086	DNS lookup + resolve
1087	Docking 1
1088	Docking Pose Clustering v3
1089	Domain Reader 2.1
1090	doodles_NFT_sales2
1091	dosya donusumleri
1092	Column Expression Question
1093	Download XSLT file via GET API
1094	dq-demo-regular-exp
1095	2020_11_12_Draw_A_Winner
1096	DRCfit_biochemical_ECBD
1097	DRC_template
1099	Drone_Data_Parse
1099	Drone_Data_Parse
1100	2020_10_09_Dropdown_Menu_Generic_JavaScript_View
1101	Drug 1
1102	DrugDiscovery - compound properties predictions
1103	DrugsWorld
1104	drug_smilarity
1105	DSA5-Zaubersprueche_public
1106	DS Project (Svealand Rain)
1107	DS_Project
1108	dube
1109	dubeyproject
1110	Dummy Data
1111	kn_001_sample_workflow_to_backup
1112	Compare image files
1113	Duplicate Row Filter
1114	duplicates removal
1115	Duplicate_Switching_Example
1116	DURACION
1117	Duration Calculation
1118	kn_forum_38395_duration_to_time_format
1119	duration_to_sum
1120	DWH_project
1121	2019_09_27_Dynamic_Column_Selection
1122	2019_11_27_Dynamic_Date_Filtering
1123	Dynamically changing column headers with calendar years
1124	Dynamic Name in File Path
1125	earthquake
1126	Easy workflow to calculate descriptors
1127	21_Eating Out
1128	EC2_connection
1129	ECG Time Series Classification
1130	EDA
1131	EDA and Model Building using Python Nodes
1132	EDM
1133	EDM_part2
1134	eDOCation Demo
1135	einkommen
1136	Ejercicio3-NaiveBayes
1137	Ejercicio Bagging
1138	Ej_Segmentación
1139	Elorating Tennis and Soccer with K-AI
1140	Employee Performance Predictor-ALL
1141	Employee Rotation
1142	Employee Skills
1143	Enlarge Datasets
1144	Unique molecule titles
1145	Entrepreneur_Competence(2)
1146	Entrepreneur_Competence_Iteratively_59.1
1147	Entrepreneur_Competence_Naive_52.3
1148	EOGDHC-EEI_Jensen_KNIME
1149	Epik
1150	ErforschungIris
1151	ERPL - SAP Connector
1152	ES1
1153	Esecutore_Sum
1154	ESIFARM2019-TEST
1155	Etapa5_DataSet_Knime
1156	Etapa_5_Resultado_de_análisis_de_datos
1157	ETL Onlline Exchange Rates
1158	etudiants_new
1159	Eurovision_JK2-8
1160	ex1_classificação_simples
1161	examcredit
1162	example-for-case-switch
1163	example-for-column-expressions
2579	Example
1165	kn_forum_38571_pivot
1166	12742
1167	Supported Geospatial File Formats
1168	Example Rule-based Row Filter
1169	Slack
1170	Example Testflow (KNIME Testing Framework)
1171	Example Testflow (Workflow Executor)
1172	Example workflow
1173	ClassificationClusterLDA
1174	02_ETL_Basics
1175	kn_example_date_timestamp_math_node
1176	kn_example_date_columns_insert
1177	exam_creditscoring
1178	2020_10_01_Excel_Formula_Column_Expressions
1179	excel unpivot
1180	ExcelReader
1181	ExcelSheetsFormatting CustomData SH
1182	Excel_to_KNIME
1183	EXC_KNIME
1184	Exercise4_Model_Decision_Tree
1185	Exercise4_Model_Naive_Bayes
1186	Exercise 09
1187	Exercise 1
1188	Exercise 10
1189	Exercise 11
1190	Exercise 1_1
1191	Exercise 1_2
1192	Exercise 1_3
1193	Exercise 2 Training Algorithms for Numeric Prediction
1194	Exercise 2_1
1195	Exercise 2_2
1196	Exercise 2_3
1197	Exercise 3
1198	Exercise 3 Training the Logistic Regression Algorithm
1199	Exercise 3_2 - Insurance Analysis
1200	Exercise 3_3 - Credit Scoring
1201	Exercise 4
1202	Exercise 4 Training the Random Forest Algorithm
1203	Exercise 4_1 - Forest Type Prediction
1204	Exercise 4_2 - Breast Cancer Analysis
1205	Exercise 5
1206	Exercise 5 - Linear Regression
1207	Exercise 5 - Regression Tree
2042	Linear Regression vs. Regression Tree (RENAME NODES + CHANGE DESCRIPTIONS)
1209	Exercise 5_1-BasketBall
1210	Exercise 5_2-Wine Quality
1211	Exercise 5_3-Boston Housing
1212	Exercise 6
1213	Exercise 6_1 - Student Churn Analysis
1214	Exercise 6_2 - Student Performance Analysis
1215	Exercise 6_3 - Netflix Recommender Engine
1216	02a. Histogram and Bar Chart - solution
1217	Exercise_5_LinearRegression
1218	Exercise_5_RegressionTree
1219	expensive_movies
1220	Experiments with simple data
1221	03_Explore_Bar_Chart_and_Line_Plot
1222	02_Explore_Donut_Chart_and _Data_Explorer
1223	01_Explore_Scatter_Plot_and_Box_Plot
1224	04_Explore_Sunburst_and_Stacked_Area_Chart
1225	Exploring World Cup Datasets
1226	Creating_a_BIRT_report
1227	externado
1228	ExternadoAbout
1229	External Tools
1230	ExternalToolPowershellExample
1231	Externaod_taller
1232	kn_forum_71236_string_to_date_id
1233	Extract files from zip and rename based on mapping
1234	Extract groups from Excel file in a loop
1235	kn_forum_39997_parsing_hierarchical_data
1236	Extract PDF Signatures
1237	Extract Pricing Condition Record Data from SAP ECC v2
1238	Extract SAP Purchasing Document Data, Invoice Data and Vendor Master Data from SAP ECC & SAP S_4HANA
1239	Extract specific number of characters in string after appearance of letter
1240	Extract Table Dimension
1241	Extract Table Spec
1242	kn_forum_45779_string_last_4_characters
1243	Extracting HTML Tags
1244	Extracting JSON fields into columns
1245	2019_08_14_ExtractingMinimum&IndexFromColumns
1246	JSON_Path_extract_optional_values
1247	Extracting Phone Number from Text
1248	FallStudie_Bank
1249	Fase 2
1250	FASE I UNJBG C2
1251	Fast Dynamic Rules
1252	Faturamento GMB
1253	fb01_int_games_scraper_Euro_2020
1254	FD
1255	FeatureCounts
1256	FEP analysis 1-2
1257	Fetch_Data_from_Database
1258	Fetch REST API
1259	fia project
1260	Ficha 6
1261	Ficha 7
1262	Ficha 8
1263	FIFA_21_Project
1264	File download links
1265	File Management _ Excel Skip Rows and Add Columns From Header
1266	FilePathExpressions
1267	kn_forum_38602_fill_placeholder_from_above
1268	kn_forum_72565_python_missing_date_pairs
1269	Filling Missing Values
1270	Filter column
1271	Filter Data
1272	Filter Dates Based on a Condition
1273	Filter Dates Based on a Condition rev 1
1274	Filter Out Columns With Only One Different Value
1275	Filter text between dates
1276	Filtering Columns of Table Data
1277	Filters
1278	filter_numbers_ending_with_zero
1279	Final Assignment
1280	Final final cricket assignment
1281	Final Marketing Analytics Case Workflow
1282	Final Project - Keplar Planets
1283	FinalKNIME_project
1284	finalProject
1285	Final_Project
1286	Final_Project1
1287	Final_Project_Keller
1289	FInal_TermProject_Team3
1289	FInal_TermProject_Team3
1290	Financial_NEWS_Sentiment_Analysis
1291	Financial Reporting Variance Analysis
1292	Financial _ Estimating Monthly Invoicing from Usage Periods
1293	Financial _ R Script _ NPV - IRR Calculation
1294	Financial _ Weekly Differentials and Outlier Analysis
1295	kn_forum_average_date
1296	Find Average of row and find the difference
1297	Find Word in Column Expression
1298	Make_Group
1299	Finding the Top 10 Gainer and Losser at Stock with there Historical Data API and JSON
1300	Find_Latest_Modifide_file
1301	Find_terms_in_text
1302	Fine Management
1303	finestre_temporali
1304	first-wf
1305	First word first occurence
1306	First_project
1307	first_v5_knime_workflow
1308	Fit India Analysis
1309	fitting_graph
1310	Fizz Buzz
1311	FlexibleNumberColumnsBIRT
1312	Flipping Coins
1313	Flow Vairbales
1314	FlowVariableAsOutputFilename
1315	Flow Variable Confusions
1316	2020_02_19_Flow_Variable_control_of_Columns_in_GroupBy
1317	Fluoric logP test workflow
1318	Fluoric pKa test workflow
1319	IAP 1
1320	foot-o-fixer
1321	kn_example_r_import_csv_r_readr_force_all_string
1322	kn_example_r_import_csv_messy_loop_force_all_string
1323	Forecasting - Training
1324	Form_Input_Multiple
1325	Form_MessageDialog
1326	Forum-77567-BarChartColors
1327	Forum-77942-ValueLookupReplaceWithMissing
1328	kn_forum_42327_first_position_not_null
1329	Forum Question - Month over Month Comparison
1330	kn_forum_43949_date_format
1331	forum_16979
1332	Forum_Question_Sentence_Similarity
1333	forum_webpage
1334	01_Training_a_Churn_Predictor_LogReg
1335	2020_10_22_From_Excel_to_KNIME_Table_Unpivoting
1336	From Tables to Variables
1337	Front-End-Pharmacy-Workflow
1338	FSKDBView
1339	fun-with-date&time-difference
1340	fun-with-flow-varaibles
1341	fun-with-sorting
1342	Funnel Plotting with Plotly
1343	2020_10_06_Funny_Math
1344	fun_with_regex_classification
1345	Fuzzy Address Matching
1346	Gazete Metin Çözümlemesi
1347	General Demo
1348	generar-secuencia-a-un-intervalo-de-tiempo_73136
1349	Generate 2 Rows from 1
1350	01_Training
1351	generate week number
1352	05_Generation_of_data_set_with_more_complex_cluster_structure
1353	03.Generating_Unit_Test_Report - Solution
1354	Session_04b_demo_GenericJavaScriptView
1355	Geo Distance Geopy workflow
1356	Geo Distance Low Code Workflow
1357	Geo Distances Low Code Solution Example Workflow
1358	Geocoding
1359	Geometry to Point
1360	Geospatial Join Error
1361	Geospatial Projection II
1362	get-request
1363	Get a listing of all unique characters present in a text file
1364	Get date by month, week number, weekday and year
1365	Get last day of current month
1366	Get min and max Time of Read and Write per Code
1367	Get number of days between dates of current and previous row
1368	Get workflow node list
1369	Getting Data from a Database
1370	get_SAP_metadata
1371	GGP2107_DevTox
1372	GitHub with API
1373	GM Recon Daily - many file
1374	Goal Seek
1375	KNIME_Goal_Seek_Demo
1376	Google_Books_Dataset
1377	Google_Play_28082023
1378	I207_GoogleSpreadSheet
1379	I208_GoogleDrive
1380	GPS Map Tokyo
1381	Graham
1382	Graph network example
1383	Greyscale Image
1384	Group and Rule
1385	Group and Split
1386	Group Assignment 5
1387	Group By
1388	Group looper
1389	GroupAssignment2_Team3_Final
1390	Group _ 9 _ Term _ End _ Project 1
1391	GroupBy
1392	GroupBy 1
1393	2021_03_29_Grouped_Excel_Data_Processing
1394	GroupPredictedZikaHairpins
1395	Groups to cols
1396	Group_13
1397	Group_5_AI
1398	Group_Assignment_4
1399	Group_Assignment_4_Suraj
1400	Group_By_Dates_And_Check_For_Value
1401	Group_Project
1402	Group_Project 1
1403	Group_Project REAL
1404	Gruppenprojekt
1405	01_H2O_Data_import_and_export
1406	kn_example_java_rowid_id
1407	Hari Pertama
1408	Harvest
1409	Hash alternative without extensions
1410	Haversine1
1411	Header Line Break in Table Editor
1412	Header Rename with Regex
1413	Heart Disease 1
1414	HeartDisease
1415	Heatmap
1416	Heatmap with lat lon from multiple files v1
1417	heatmap_test
1418	HelloNicolaTesser
1419	helloWorld
1420	HighchartVariwide
1421	Maestro commands - highlight residues
1422	HistogramStackedArea
1423	05_Hive_to_Spark_to_Hive
1424	Homework_Input-Output
1425	HousingMarketMadness
1426	How to join 2 tables with greater than value
1427	01_Learning_a_Simple_Regression_Tree
1428	HR Analytics
1429	HSQLDB Duplicate Detection Similarity Search
1430	hw3
1431	hw3.Q2
1432	hw3.Q3
1433	hw3.Q3.aOfb
1434	hw3.Q3.bOfb
1435	HW4_try1
1436	IccTestCricketDatasetAnalysis
1437	Identify Months Between Two Dates (No Loops)
1438	Identifying Intersecting Clusters
1439	Identify_fragments_multifragment_structure
1440	Idle Time Calculator
1441	2020_09_23_If_Else
1442	IF with date formula
1443	Image binarization
1444	Image Check-o-matic
2079	Image Dataset Visual Filtering
1446	image output widget
1447	04_Image_Output
1448	Image_writer_issue
1449	IMDB_Data_Pad_Hot_Model_Nodes_Jupyter
1450	img2str
1451	imgplus to report
1452	kn_example_r_import_csv_r_readr
1453	kn_example_sas_file
1454	Import and clean data
1455	kn_example_import_csv_r_readr
1456	Import Master Data
1457	m_001_forum_27716_excel_import_multiple_files
1458	Import Transactional Data
1459	02. Basisvisualisierungen Balkendiagramme diverse Faktoren x Preis und Preis_SQF
1460	incidentes_con_mas_de_20_dias_abierto
1461	03_Include_Custom_Python_Class_in_Workflow
1462	include_python_library_in_workflow
1463	Income
1464	indicateurs_egalite
1465	Indicator effect on rain
1466	Induced-fit docking 1
1467	info_umum_event
1468	01_Input_Data_Tables
1469	05_Input_Output_Flow_Variables
1470	03_Input_Output_Objects
1471	inscriptions_new
1472	Insert Serial Number
1473	kn_forum_32016_insert_on_duplicate
1474	Installation 1
1475	Integrate Execution Date in File Name
1476	Integration_Chemistry_AnotationClassification
1477	interactive-table-view_remove-setting-button
1478	04_Interactive_Scatter_Plot_Visualisation_with_Python_View_node_using_Plotly_package
1479	interpolation_optimisation_2
1480	Interpretable ML - Binary Classifier Inspector Node
1481	Intra ligand distance
1482	Inventory Returns 1
1483	is216_churn_analysis_model
1484	is216_churn_model_deployement
1485	is216_group10_DecisionTree_and_LinearCorrelation
1486	is216_group10_deployement_model
1488	ISBN Clustering
1488	ISBN Clustering
1489	Itemset mining
1490	ITSCM774-_Assignment 3
1491	ITSCM774_Assignment 2
1492	ITSCM774_Team7_Assign1
1493	ITSCM774_Team7_Assign2
1494	ITSCM774_Team7_Assign3
1495	ITSCM774_Team7_Assign4
1496	ITSCM774_TEAM7_DELIV2
1497	IT_Jobs_skills_explorer
1498	IX - Anonmyizartion
1499	Java Snippet - Convert Excel Formula - KNIME Forum (78011)
1500	Jeopardy Questions Category Prediction 54 percent accuracy
1501	jKi-13
1502	jKi-17
1503	jKi-18
1504	jKi-23
1505	jKi-34
1506	jKi-37
1507	jKi-4
1508	jKi-5
1509	jKi-9
1510	JKI-S2-1
1511	JKI-S2-2
1512	JKI2_007_Mapping_Successful_Football_Passes
1513	JKI2_010_Calculating_YTD_and_MTD_for_Restaurant_Yummy
1514	JKI2_012_Blur_the_Image
1515	JKI2_018_Visualize_the_Best_Place_in_the_World_on_a_Map
1516	JKI2_022_Help_the_Caddie_Part_2
1517	JKI2_024_Fraudulent_Email_Address_Detection
1518	JKI2_026_Calculating_Sales_Performance
1519	JKI2_027_Exploring_World_Cup_Datasets
1520	JKI2_028_Funnel_Plotting_with_Plotly
1521	JKI2_029_Table_Tennis_Tournament
1522	jKi3
1523	JKIS2 Challenge 04 Spread Yearly Values Across Months
1524	JKISeason2-04
1525	JKISeason2-10 Ángel Molina
1526	JKISeason2-10_sryu
1527	JKISeason2-10_sryu_ver2
1528	JKISeason2-12
1529	JKISeason2-12 Ángel Molina
1530	JKISeason2-12_sryu
1531	JKISeason2-18_sryu
1532	JKISeason2-19
1533	JKISeason2-19_LF
1534	JKISeason2-1 Ángel Molina
1535	JKISeason2-1_tark
1536	JKISeason2-24
1537	JKISeason2-24_sryu
1538	JKISeason2-25@obito_od
1539	JKISeason2-25_sryu
1540	JKISeason2-25_tark(2)
1541	JKISeason2-26
1542	JKISeason2-26@obito_od
1543	JKISeason2-26 Ángel Molina
1544	JKISeason2-27_tark
1545	JKISeason2-27_sryu_ver2
1546	JKISeason2-28
1547	JKISeason2-28@obito_od
1548	JKISeason2-28 Ángel Molina
1549	JKISeason2-29@obito_od
1550	JKISeason2-29_Revised tofusa's workflow
1551	JKISeason2-2 Ángel Molina
1552	JKISeason2-2_tomljh_ver1
1553	JKISeason2-4
1554	JKISeason2-4 Spread Yearly Values Across Months Jose De Souza
1555	JKISeason2-4 Ángel Molina
1556	JKISeason2-4_rev00
1557	JKISeason2-4_sryu
1558	JKISeason2-5 ver 1.1
1559	JKISeason2-5 ver 1.2
1560	JKISeasor2-10_tomljh_ver1
1561	JKISeasor2-11_tomljh_ver1
1562	JKISeasor2-16_tomljh_ver1
1563	JKISeasor2-18_tomljh_ver2
1564	JKISeasor2-19_tomljh_ver5
1565	JKISeasor2-22_tomljh_ver1
1566	JKISeasor2-24_tomljh_ver1
1567	JKISeasor2-24_tomljh_ver2
1568	JKISeasor2-26_tomljh_ver1
1569	JKISeasor2-27_tomljh_ver1
1570	JKISeasor2-29_tomljh_ver1
1571	JKISeasor2-29_tomljh_ver2
1572	JKISeasor2-4_tomljh_ver1
1573	JKISeasor2-7_tomljh_ver1
1574	JKI_004
1575	JKI_005
1576	JKI_008_Wordle_Scores_on_Average
1577	JKI_009_Simple_Anonymization
1578	JKI_011_MeanTime_to_Close_a_Ticket
1579	JKI_012_Obtaining_a_List_of_Human_Genes_via_REST
1580	JKI_013
1581	JKI_013_Onsite_and_Online_Transactions
1582	JKI_014_Removing_Noise_from_Data
1583	JKI_015_Extracting_a_Table_from_a_PDF
1584	JKI_018_Categorizing_Notes
1585	JKI_019_Employee_Skills
1586	JKI_020
1587	JKI_020_Patient_Network_Days
1588	JKI_021_Eating_Out
1589	JKI_023_Modeling_Churn_Predictions_Part_1
1590	JKI_028_Left_Triangle_Star_Pattern
1591	JKI_032_Change_Structure_of_an_Excel_File
1592	JKI_033_Medical_Procedure_Prices
1593	JKI_037_Text_Deduplication
1594	Join and concatenate
1595	Join Strings (Multiple Sheets)
1596	Joiner
1597	Joiner Example  - rrd2
1598	2020_10_26_Joiner_In_A_Loop
1599	Joining Spreadsheets
1600	JoinNode_Fail
1601	JP_CaseStudy_Base
1602	JSON combine columns
1603	JsonDataExtraction
1604	JSON extraction
1605	JSON Fiscalia
1606	JSON format
1607	JSON NER for Spacy Python
1608	JSON Transformer Examples
1609	JSON_no_array
1610	json_parsing
1611	JSON_pt2
1612	json_stringmanipulator_columnar_bug
1613	JSON_to_xml
1614	JS_Waterfall_chart_KNIME
1615	kn_example_sample_workflow
1616	Just_Knime_It_15_Submission
1617	challenge 3
1618	Just KNIME It! - Challenge 4
1619	Just KNIME it! 2022 4th rolandnemeth
1620	Just Knime it-028
1621	Just Knime it-032
1622	Just Knime it-034
1623	Just Knime it-035
1624	Just Knime it-037
1625	Just Knime it-20
1626	Just Knime it - Ch23
1627	Just KNIME it-2_Challenge-04_v1
1628	Just KNIME it-2_Challenge-18_v1
1629	Just KNIME it-2_Challenge-19_v1
1630	Just KNIME it-2_Challenge-23_v1
1631	Just KNIME it-2_Challenge-24_v1
1632	Just KNIME it-2_Challenge-27_v1
1633	Just KNIME it-2_Challenge-28_v1
1634	Just KNIME it-2_Challenge-29_v1
1635	just knime it-4
1636	Just Knime it- CH11
1637	Just Knime it- Challenge 4
1638	Just Knime It-CH15
1639	Just Knime It-CH19
1640	Just Knime it-CH3 Anil
1641	Just Knime It-CH8
1642	Just Knime It-CH9
1643	Just Knime IT-Challenge 12
1644	Just KNIME It
1645	Knime-It 19
1646	Challenge 15
1647	Just KNIME It - 22
1648	Just Knime it - 4
1649	Just Knime It - Challenge 18
1650	Just Knime It -CH17
1651	Just Knime IT -Challenge 13
1652	Just KNIME it 12
1653	Just KNIME it 13
1654	Just KNIME it 14
1655	Just KNIME it 17
1656	Just KNIME it 19
1657	Just KNIME it 20
1658	Just Knime It 2022 003
1659	Just Knime It 20
1660	Just KNIME it 21
1661	Just KNIME it 23
1662	Just KNIME it 29
1663	CDC Cancer Data
1664	Just KNIME it 32
1665	Just KNIME it 33
1666	Just KNIME it 34
1667	Just KNIME it 35
1668	Just KNIME it 37
1669	Just KNIME it 8
1670	Just Knime It Challenge 2
1671	Just KNIME It Challenge 3
1672	Just KNIME It Challenge 4
1673	Just KNIME It Challenge 9
1674	Just KNIME It S02 _ CH09 _ Wine Quality
1675	JKISeason2-10@obito_od
1676	JKISeason2-12@obito_od
1677	JKISeason2-18@obito_od
1678	JKISeason2-24@obito_od
1679	JKISeason2-4@obito_od
1680	JKISeason2-9@obito_od
1681	JKI2- Challenge 04
1682	Just Knime It Week 3 v.1
1683	Just Knime It Week 4 v.1
1684	Just Knime It Week 5 v.1
1685	Just KNIME It _ Challenge 003
1686	Just KNIME It _ Challenge 005
1687	Just KNIME It _ Challenge 012
1688	Just KNIME It _ Challenge 013
1689	Just KNIME It _ Challenge 015
1690	Just KNIME It _ Challenge 018
1691	Just KNIME It _ Challenge 020
1692	Just KNIME It _ Challenge 023
1693	Just KNIME It _ Challenge 024
1694	Just KNIME It _ Challenge 028
1695	Just KNIME It _ Challenge 034
1696	Just KNIME It _ Challenge 037
1697	justKnimeit-13
1698	justKnimeit-14
1699	justknimeit-15
1700	justknimeit-17
1701	justKnimeit-18-siry
1702	justKnimeit-18
1703	justKnimeit-19-siry
1704	justKnimeit-19
1705	JustKnimeIt-20
1706	justknimeit-20-HLezano
1707	justKnimeit-20
1708	justknimeit-21-siry
1709	justknimeit-21
1710	justknimeit-23
1711	justknimeit-23part2_Victor
1712	justknimeit-24
1713	justknimeit-28
1714	justknimeit-3
1715	justknimeit-32
1716	justknimeit-34
1717	justknimeit-34 - Word Scramble
1718	justknimeit-37
1719	justknimeit-37 - Text Deduplication
1720	justknimeit-3 ver 1
1721	justknimeit-4
1722	justknimeit-4 ver 1
1723	justknimeit-6
1724	JustKnimeIt-Challenge19
1725	JustKnimeit-S2C10
1726	Justknimeit-S2C18
1727	JustKnimeit-S2C19(2)
1728	JustKnimeit-S2C19
1729	JustKnimeit-S2C2
1730	Justknimeit-S2C21
1731	Justknimeit-S2C24
1732	Justknimeit-S2C26
1733	JustKnimeit-S2C27
1734	Justknimeit-S2C28(2)
1736	Justknimeit-S2C28
1736	Justknimeit-S2C28
1737	Justknimeit-S2C29
1738	Justknimeit-S2C7
1739	Justknimeit-S2C8
1740	justknimeit - 04 - Raffaello Barri
1741	justknimeit - 09 - Raffaello Barri
1742	justknimeit - 13 - Raffaello Barri
1743	justknimeit - 14 - Raffaello Barri
1744	justknimeit - 15 - Raffaello Barri
1745	justknimeit - 17 - Raffaello Barri
1746	justknimeit - 18 - Raffaello Barri
1747	justknimeit - 19 - Raffaello Barri
1748	justknimeit - 20 - Raffaello Barri
1749	justknimeit - 21 - Raffaello Barri
1750	justknimeit - 23 - Raffaello Barri
1751	Justknimeit -S2C4
1752	JustKnimeItChallenge-4
1753	JustKnimeIt_070423
1754	justknimeit_4
1755	justknimeit_5
1756	JustKNIMEit_Challenge9_Anonymization_JeromeTreboux
1757	just_knime_itv4
1758	K-AI_Python_Minard_Chart_Napoleon
1759	K-Means
1760	20210616 Pikairos K-Means followed by Hierarchical Cluster Asigner
1761	K-Means Under the Hood
1762	Kafka_demo
1763	Keeping Row Keys Example
1764	TK42
1765	KPCA
1766	Keyword_Grouping_in_Excel
1767	KINME_Session6Part2
1768	Klasifikasi Decision 3
1769	Klasifikasi Decision Tree
1770	klasifikisi_desicion
1771	KMeans
1772	KmerFeaturesOnly
1773	KN CH 04
1774	KN CH 04 _with loop
1775	KNIME-It-08-06
1776	KNIME-Maestro connector
1777	knime
1778	KNIME01
1779	kn_example_java_nan_not_a_number_missings_null
1780	kn_example_java_simple_if_else_with_string_conversion
1781	kn_example_python_index_rowid
1782	KNIME Chanllange
1783	KNIME CONTROLL COMTIUTER V2
1784	Group3_Write_Table_Database
1785	Group3_Deployment_Model
1786	KNIME Data Science Learnathon - Group 3B - Call Model from other Workflow (Solution)
1787	KNIME Etapa 5
1788	KNIME EXERCICES
1789	KNIME Filters
1790	KNIME Formula detection
1791	kn_forum_44856_calculate_weeks
1792	kn_forum_44928_pyarrow_batch_url_import
1793	kn_forum_49528_time_zone_gmt
1794	KNIME Lab1
1795	m_001_knime_zip
1796	knime project credit scoring
1797	Knime RSS Text Processing
1798	KNIME Workflow MBIS4016 Week 3
1799	knimeexternado
1800	knimeit33
1801	KNIMEit39
1802	KnimeIT_1
1803	KnimeIT_10
1804	KnimeIT_11
1805	KnimeIT_12
1806	KnimeIT_13
1807	KnimeIT_14
1808	KnimeIT_15
1809	KnimeIT_16
1810	KnimeIT_17
1811	KnimeIT_18
1812	KnimeIT_19
1813	KnimeIT_20
1814	KnimeIT_21
1815	KnimeIT_22
1816	KnimeIT_23
1817	KnimeIT_24
1818	KnimeIT_25
1819	KnimeIT_3
1820	KnimeIT_4
1821	KnimeIT_6
1822	KnimeIT_7
1823	KnimeIT_9
1824	KNIME_AssesmentCreditScore
1825	KNIME_Assessment1{JEEWAN KARKI - 2001330130079}
1826	KNIME_Building a credit scoring model
1827	KNIME_Car_price prediction
1828	knime_challenge-21
1829	knime_challenge-22
1830	knime_challenge-23-churn_prediction
1831	KNIME_Challenge-4
1832	KNIME_Challenge-5
1833	KNIME_challenge11_solution
1834	KNIME_Challenge11_Tkt_Mean_Time
1835	KNIME_challenge12_solution
1836	KNIME_challenge13_solution
1837	KNIME_Challenge13_Transactions
1838	KNIME_challenge14_solution
1839	KNIME_challenge17_solution
1840	KNIME_challenge18_solution
1841	KNIME_challenge21_solution
1842	KNIME_challenge3_solution
1843	KNIME_challenge4_solution
1844	KNIME_Challenge6_Fave_Sources
1845	KNIME_Challenge7_Women_in_Govt
1846	KNIME_Challenge 19_Employee Skills
1847	KNIME_Challenge 21_Eating out
1848	KNIME_challenge_20
1849	KNIME_challenge_20b
1850	KNIME_challenge_3
1851	KNIME_challenge_4
1852	KNIME_challenge_4b
1853	KNIME_challenge_4c
1854	KNIME_challenge_5_b
1855	KNIME_challenge_ justknimeit-13
1856	KNIME_COVID-SLP
1857	KNIME_CreditScore_Krishna_Gupta
1858	KNIME_CreditScoringAssesment
1859	KNIME_CreditScoring_Mukund
1860	KNIME_Credit_Card_Rating
1861	KNIME_data_preprocess_workflow
1862	KNIME_decision_tree
1863	KNIME_demo
1864	KNIME_Demo Oracle Stored Procs and Functions
1865	KNIME_Ejemplo_similaridad en nombres
1866	KNIME_Extract_Debug
1867	KNIME_FA analysis_TN
1868	KNIME_fluoriclogppka
1869	KNIME_Food_forecasting
1870	KNIME_GEBA
1871	KNIME_group_project7
1872	KNIME_HeartDiseaseFinal
1873	KNIME_heartHarshit
1874	KNIME_heartKhushiEdited
1875	Knime_hub1
1876	KNIME_IN-HOUSE DB CONSTRUCTION FROM mol2 FILE
1877	KNIME_iris_kmeans
1878	KNIME_It_01
1879	KNIME_Java Snippet_Sample
1880	KNIME_JKISeason2-1
1881	KNIME_json
1882	KNIME_KhushiNarang
1883	KNIME_ListMonthsBetweenDates
1884	KNIME_MIR_Averaging_Test_CSM_Africom
1885	KNIME_MRA_project2
1886	KNIME_Netflix Data Cleaning
1887	KNIME_praxisprojekt_Truck w Chart
1888	KNIME_PRDT01
1889	KNIME_predict cylinder(2)
1890	KNIME_predict cylinder(1)
1891	KNIME_predict cylinder
1892	KNIME_project(sessional)
2815	KNIME_project
1894	KNIME_project1
1895	KNIME_project10demo
1896	KNIME_project11
1897	KNIME_project1_unsupervised learning
1903	KNIME_project2
1899	KNIME_project2.2
1900	KNIME_project3_Vipin
1901	KNIME_project4
1902	KNIME_project7 as
1903	KNIME_project2
1904	KNIME_project8
1905	KNIME_project9- building a credit scoring model
1906	KNIME_project - Volumetry
1908	KNIME_project 1 lizeth vargas externado
1908	KNIME_project 1 lizeth vargas externado
1909	KNIME_project 2
1910	KNIME_project 2_regression
1911	KNIME_project credit
1912	KNIME_project credit score
1913	KNIME_project MARK902 A1B
1914	KNIME_projectans
1915	KNIME_project stroke prediction
1916	KNIME_projectAuto Price
1917	KNIME_projectChallenge19
1918	KNIME_projectcreditscoring
1919	KNIME_projectTest
1920	KNIME_projectv
1921	KNIME_projectWeek2
1922	KNIME_project_1077
1923	KNIME_project_1_Tarun_bhardwaj
1924	KNIME_project_Aprioir
1926	KNIME_project_ass3
1926	KNIME_project_ass3
1927	KNIME_project_credit_scoring
1928	KNIME_project_dd
1929	KNIME_project_demo01
1931	KNIME_project_dk
1931	KNIME_project_dk
1932	KNIME_project_FinalAI
1933	KNIME_project_FP
1934	KNIME_project_GAVB
1935	KNIME_project_HR_Data
1936	KNIME_project_Kaggle
1937	KNIME_project_NaivesBayes
1938	KNIME_project_NaivesBayes_1077
1939	KNIME_project_Predictive_Analytics
1940	KNIME_project_Prueba
1941	KNIME_project_reading_data
1942	KNIME_project_Social
1943	KNIME_project_test 1.1
1944	KNIME_project_Unsupervised 1
1945	Knime_python_node
2815	KNIME_project
1947	KNIME_reading_file_from_S3_parquet
1948	KNIME_test
1949	KNIME_Test123
1950	KNIME_test_project
1951	KNIME_trial
1952	KNIME_WORKFLOW-INHOUSEDB
1953	KNIME_workflow
1954	knm-wrkflw-data-profiling-univariate
1955	KNM CH 13
1956	knn
1957	KNN Model
1958	KnowYourMolecule
1959	kn_forum_pct_string
1960	kn_forum_transpose_excel_questions
1961	kobe test
1962	Komplettering 2
1963	KPB 1 TESTING
1964	KPKU PLS
1965	Kruskal-Wallis-test update domain
1966	L1-DS Telco Customer Churn Workflow
1967	L1_DRILL_CRITTIN_DAVID_P2
1968	L2-DW Final Assessment Workflow
1969	L2 Custom Work Flow
1970	L2_DRILL_CRITTIN_DAVID_P1
1971	L4_ML_11
1972	L4_ML_5
1973	L4_ML_8
1974	Lab-DBSCAN
1975	Lab4.5
1976	Lab4.6
1977	Lab 1
1978	Lab 1 - 03 - Row & Column Filtering
1979	Lab 1 - 04 - Numbers Strings & Rules
1980	Lab 1 - 04 Numbers Strings And Rules
1981	Lab 1 - 05 Date and Time Manipulations
1982	Lab 1 - 06 - Aggregations
1983	Lab 1 - 06 Aggregations
1984	Lab 1 - 07 - Join & Concatenate
1985	Lab 1 - 07 Join and Concatenate
1986	Lab 2 - 01 - Visualization
1987	Lab 2 - 02 - Write Data to a File
1988	Lab 2 - 03 - Reporting
1989	Lab 2 - 04 - Flow Variables
1990	Lab 2 - 07 - Loops
1991	Lab 2 Knime Workflow
1992	Lab 2 Exercise 2
1993	Lab 2 Exercise 3
1994	Lab 2 Exercise 4
1995	Lab 2 Exercise 8
1996	LAB 2 Part 4
1997	LAB 2 Part 5
1998	Lab 3 - 03 - Row & Column Filtering
1999	Lab 3 - 04 - Data Transformation & Standardization
2000	Lab 3 - 05 - Visualization
2001	Lab 3 - 06 - Aggregations
2002	Lab 3 - 09 - Decision Tree Model
2003	Lab 3 - 10 - Write Data to a File
2004	Lab 3 - 11 - Reporting
2005	LAB 3 Part 2
2006	LAB 3 Part 3
2007	LAB 3 Part 6
2008	Lab 4 - 03 - Flow Variables
2009	Lab 4 - 05 - Loops
2010	Lab 4 - 07 - Random Forest
2011	Lab 4 Caleb
2012	Lab 5 - 01 - Document Viewer
2013	label_correlations
2014	Laboratorio_Knime
2015	Lab_1
2016	I214_LagColumn
2017	Lagging with parameter
2018	largish-data-wrangling
2019	Last day of previous month
2020	Last Day of Prior Month
474	assignment
2023	latihan
2023	latihan
2024	LD import - invoke on KNIME server
2025	LDG_Predictive
2026	Session_02c_demo_scatter
2027	Lecturas y consolidacion
2028	left align columns A to F
2029	jefleisc-knime_challenge-28
2030	leksykon
2031	letter substitution
2032	LGBTQIA+ Rights throughout the World
2033	Lieferanten test
2034	Life Expectancy
2035	Ligand alignment 1
2036	Limpieza De Peliculas IMBD
2037	Line Plot
2038	kn_forum_correlation
2039	Linear Regression Learner Indicators to Wind Speed
2040	LinearRegression-LegoSet
2041	Linear Regression vs. Regression Tree
2042	Linear Regression vs. Regression Tree (RENAME NODES + CHANGE DESCRIPTIONS)
2043	LineareRegression_Beispiel
2044	Linear_Regeression
2045	LinePlotSample
2046	Linkedin Network Graph
2047	Lisa Quach
2048	List all days between 2 dates
2049	Listado EESS
2050	List Files Folders - Unavailable var renders reconfiguration impossible
2051	m_001_import_spectral_data
2052	List users folders
2053	I204_Ungroup
2054	Load and apply Python model in KNIME
2055	Load Data
2056	Load_File
2057	Loan Analysis
2058	Loan_Data_Analysis
2059	Loan_Analysis
2060	loan_request_deployment
2061	local_manipulation
2062	Log_Scale
2063	Logistics _ Stock Forecast (nested-recursive equations)
2064	Logistics _ Weekly Balance from Ranged Cumulative Equations
2065	London bike Sharing
2066	Lookups
2067	LOOKUP_VIES_VAT_NUMBER
2068	03_Looping_over_all_columns_and_manipulation_of_each
2069	2019_12_11_Looping_over_Every_Column
2070	Loop_Beispiel3
2071	Lorant-Test
2072	Lotes Expedidos
2073	Low-Pass-Filter
2074	Low_Humidity_Predictor
2075	LukesLocal
2076	05 Machine Learning
2077	Machine Learning Example with PowerBI
2078	Big Data Fraud Detection Pipeline
2079	Image Dataset Visual Filtering
2080	Mahalanobis Distance R Web
2081	Mail filter
2082	main
2083	main workflow
2084	MainProject
2085	main_v0
2086	main_v2
2087	Make List of Files Filter by arbitrary string pattern[Use regular expression]
2088	Make POST Request
2089	Making the Pass, Part 2 - Model Analysis
2090	Manipulate several columns at once
2091	Manipulate Strings and numbers
2092	mantel para vivi  1
2093	map--covid data
2094	Mapping_football_passes
2095	Mapping_PostingDate_to_Siemens_Fiscalyear_Period
2096	Market_basket
2097	MassErrorCalculator
2098	Match and Identify Non Matching Values
2099	Match columns with library (string distance) - D_Valle v1
2100	Matched Molecular Pairs
2101	matching problem
2102	math expression from variable
2103	MathFormula
2104	Math Formula + Missing Values
2105	Math Formula + Missing Values 2
2106	Math Formula + Missing Values 3
2107	Math Formula + Missing Values rev 1
2108	math formula multi columns
2109	matplotlib_bar_color_demo
2110	04_Matrix_Multiplication_using_Numpy_Arrays
2111	MCSS 1-3
2112	Mean Time to Close a Ticket
2113	Measure Length of Continuous Streaks in Time Series
2114	medias-Zabra-et-Peyanan-FSY
2115	MedicalProcedurePrices
2116	Merge columns of two dataframes with same name  - pivot unpivot
2117	Merge Files
2118	Merging Columns from Full Outer Joiner node
2119	Merging Exclusive Values in Various Columns into a Single Column
2120	Create_Log_Tables
2121	Microsoft Financial Statement Prior Year Tie Out
2122	MId-Sem_Project_part_1
2123	Mid-Term Supervised
2124	Mid-Term Unsupervised
2125	MineVsRockPrediction
2126	mini project 1
2127	Mini Project 3 - Data prep
2128	MiniProject3
2129	MiniProject3 Part 1&2 Workflow
2130	Mis 385 first phase data cleaning and prep
2131	Missing Loop Refinement
2132	Missing Values
2133	kn_forum_57544_python_missing_values
2135	MIS_385_Project
2135	MIS_385_Project
2136	04_Parameter_Optimization_in_Spark
2137	MLP - Iris
2138	MLP forecasting with lag
2139	MLP
2140	MLPcopy2
2141	MLPcopy4
2142	ML_Algorithms_DecisionTreeClassifier
2143	ML_proj
2144	ROC_model_comparison
2145	Model Comparison with ROC Curve
2146	03_Model_Deployment_as_REST_API (1)
2147	Modeling Churn Predictions - Part 1
2148	Module 03 ch 01 lesson 01 Flow Variables final
2149	module 2 ch 03 lesson 25 finished project
2150	module 3 ch 01 lesson 1 finished project
2151	Module_3_car_price_1
2152	Modulo 2 - Epidosio 6
2153	Modulo 2 - Episodio 2
2154	Modulo 2 - Episodio 3
2155	Modulo 2 - Episodio 4
2156	Modulo 2 - Episodio 5
2157	Modulo 3 - Episodio 3
2158	Modulo 3 - Episodio 4
2159	Modulo 3 - Episodio 5
2160	Modulo 3 - Episodio 2
2161	mongoWorkflow
2162	Month Sorter
2163	Monthly and YTD Revenues
2164	Most Popular News Sources
2165	Move groupings into blocks
2166	Movies
2167	Moving_workflow
2168	Mo_Gha - Pivoting
2169	MPB
2170	MRA2
2171	MRA Project 1
2172	MRA Project 2
2173	MRA Project Final
2174	MRA_KNIME_project
2175	MRA_PROJECT_MILESTONE12
2177	MRA_PROJECT_MILESTONE1_FINAL1
2177	MRA_PROJECT_MILESTONE1_FINAL1
2178	A102_MSAccess
2179	MTBF
2180	mtcars_1
2181	MT_SV_Analysis1_customer_churn
2182	MT_SV_Analysis2_customer_preferences
2183	MT_SV_Analysis3_Influence strategy KPI and customer_churn
2184	Mudit Credit Score Project
2185	Multi Layer Perceptron (MLP) on Oscillator Physics Problem
2186	Multiple_Python_Versions_Single_Workflow
2187	Multiple Sequence Viewer
2188	2019_09_05_Multiple_Set_Means
2189	Multiple types to Excel
2190	03_Multivariate_Analysis
2191	Mustafa_Beyceoglu_140201028
2194	MyWorkflow
2193	MyFirstWF
2194	MyWorkflow
2195	My_First_Project_Home
2196	naive Bayes - Stromverträge
2197	KNIME_project6
2198	name checker
2199	Names_to_Smilies_etc
2200	NBA
2201	Nearest Join
2202	Neighbourhood image filters
2203	NER Names
2204	Netflix_Data_Analysis
2205	Neural _Network
2206	Neuralnetwork_sumandDeviation
2207	neural_networks(1)
2208	NEW
2209	NEW 02
2210	New Project Credit Score
2211	News as Text
2212	Newsletter 00 - Solution
2213	New_Vars
2214	NFL_Weather
2215	NGram Analyse (Basic)
2216	OIlers Schedule
2217	NLA_Class_Project
2218	Node behavior inconsistency breaks execution
2219	Nominal values filtering
2220	Normativ 2
2221	Novo Projekt
2222	Number SAP format
2223	numbers as text and numbers as integers
2224	numbers without seperator question
2225	Numeric_Outliers_Simple_Example
2226	Numeric Row Splitter
2227	mall_customer(silhoutte)
2228	Nural_Network
2229	NurjanahHilwanih_Tugas-1 DABB
2230	NurjanahHilwanih_Tugas-1 Visualization
2231	NurjanahHIlwanih_Tugas-5 DC
2232	O-H bond insertion
2233	Obfuscate email user
2234	Obtaining a List of Human Genes via REST
2235	Occurences_Stacked_Bar_Chart
2236	OK
2237	One Way to Deal with DAT Files
2238	OneHotCodingProcessForMultivalueVariableSample
2239	OneHotCodingProcessForSingleValueVariableSample
2240	OnePagePerLine
2241	Onsite and Online Transactions
2242	Ooredoo Bulk Block
2243	Open Street Map
2244	clasificador-optimizado
2245	OptimzeSVM
2246	Opt_SVM
2247	Order Expand
2248	Oscar
2249	OSLOAirBnB
2250	Outlier Detection and Handling
2251	Output column structure
2252	02_Output_Data_Tables
2253	02_Create_Overlaying_Plots_using_Matplotlib_package
2254	Overview of ML process for group project Dec5
2255	Overview of ML process for group project Dec6
2256	Overview of ML process for group project Nov29
2257	Overview of ML process for group project Nov30
2258	P7
2259	paci - Challenge 3 - CDC Cancer Data
2260	paci - Challenge 4 - Daily Prices
2261	Packing Date Shift
2262	PAINS All
2263	Pains Filters
2264	Pairs Plot Using R
2265	Palladian - RegEx Extractor - Extract List without Full Match
2266	04_Panel_Data_with_Python_View_node
2267	02_Parameter_Optimization_Loop_on_Logistic_Regression
2268	03_Parameter_Optimization_Loop_on_Logit_with_CV
2269	Parent-Child Hierarchy
2270	Parse JSON
2271	Parse Telephone Number Ranges
2272	ParseURLs
2273	Partial Least Squares Regression
2274	Partitioning
2275	Passing_Precision_on_the_Football_Pitch
2276	Path manipulation examples
2277	PatientNetworkDays
2278	patients_treatments
2279	PDF_Editor
2280	PegiPegi_Workflows
2281	Percentage_Of_Total
2282	Performance v5
2283	m_001_poisson
2284	Pharmacophore screening - ready to be deployed to LiveDesign
2285	phone
2286	pibic_analises_bferro
2287	Pickling_Across_Nodes
2288	Pie Chart vs Bar Chart
2289	PIPER with constraints
2290	Pivot and split
2291	Pivot Table
2292	kn_forum_48984_cube_data_sum_totals
2293	Pivoting
2294	pivoting_data
2295	PLAN B
2296	PLAN C
2297	PLAN D
2298	Plate Reader
2299	playground
2300	Plotly Examples
2301	PM4PY Support
2302	PMI_v3000
2303	PO & PR Tracking
2304	PokeAPI - Paginating & Attribute Loops
2305	porosidade_eferro
2306	Practica KNIME Paco Bosch
2307	prak4
2308	prak4_flow
2309	prassitismo lucca luglio 2021
2310	Predicting Absenteeism at work
2311	Employee burnout
2312	Predict sales for a retail store with linear regression
2313	Predict who will join once  appt letters issued
2314	prediction-workflow
2315	PredictionOf SONAR Rocks Against Mines
2316	PredictMatureMiRNAs
2317	01_predictor_flow
2318	Preferential Workflow Control Auto
2319	Preferential Workflow Control Manual
2320	preinscription(integ_new)
2321	Preliminary DT on CarMax data
2322	preparacion de datos
2323	m_001_prepare_data
2324	PrepareTheDataToUsearch.knwf
2325	Preppin' Data - Week 1 - Prep Air's Flow Card
2326	Preppin' Data - Week 2 - Average Price Analysis
2327	Preppin' Data - Week 3 - Performance Against Targets
2328	Preppin' Data - Week 5 - Getting The Right Data
2329	Preppin' Data - Week 6 - Staff Income Tax
2330	2019_11_04_Previous_Month_Dates
2331	PreviousMonthDateRangeExample
2332	kn_forum_36393_excel_evaluate_formulas
2333	ProcessMining
2334	Producto
2335	Profit & Loss - Finance Statement Modeling
2336	Project-1_Clustering
2337	Project-2_Classification
2338	project2
2339	Project 1
2340	Project 1 - RideShare
2341	Project 2 - Supervised Learning
2342	Project Credit Score
2343	project group
2344	Project on cricket
2345	Projection and Area Computation
2346	Project.it
2347	Project_2
2348	PROJECT_START
2349	Projektarbete_workflow 1_shared
2350	projeto
2351	Proje_1
2352	ProyectoReservaHotel
2353	Prueba10_9_2023
2354	PRUEBA PILOTO VE
2355	Práctica_1
2356	PubChem_CID2Smiles
2357	Putri Maharani Agustin_Data Cleaning Project_SMKN 7 Jakarta
2358	Python - Convert Numbers to Words in Arabic and English - KNIME Forum (78100)
2359	Python Gaussian Fit
2360	Python Integration Un Analista Peruano
2361	PythonApi
2362	Python Plot Example
2363	Python Plotly Sankey Example
2364	kn_forum_46899_python_type_data
2365	kn_forum_python_ta_package
2366	kn_forum_63461_cielab_colorspace_hex
2367	Python_learning_demo
2368	Py_INT_EH
2369	QA
2370	QikProp - on Server
2371	QikProp property plot
2372	Tautomer prediction
2373	Query
2374	FX_Currency
2375	Question1
2376	Question2
2377	Question3
2378	Question7GroupAssignment2
2379	R4A_StructureHarmonisation_IDgenerator
2380	R Graphics - Create Heatmaps in KNIME and use R to add Dendrograms
2381	R Graphics - use R package modes to detect bimodality, calculate coefficients and create a chart
2382	RainPrediction
2383	Random forest - on KNIME server
2384	Random Forest Example
2385	RandomForestIRIS
2386	RandomForestIRIS_REPORT
2387	Range Row Filter
2388	Rango_Edades
2389	I215_Rank
2390	Rank each column by value ignoring blanks
2391	2019_10_09_Ratio_Calculation
2392	rdkit basics
2393	RDKit One-Component Reaction example
2394	RDKit_neutralize_4.7
2395	Reactome REST API
2396	Read  & Write SPSS
2397	02_Read_a_CSV_file
2398	05_Read_all_sheets_from_an_XLS_file_in_a_loop
2399	Read all sheets from Google Sheet & Excel with loop nodes
2400	Read and Concatenate
2401	Read and parse multi-line JSONs
2402	01_Read_Data_Loading_Example
2403	02_Read_Data_from_Workflow_data_area_using_Relative_Paths
2404	Read Excel Sheets
2405	Read Many Excel Files
2406	Read pdf python
2407	Read song info
2408	read text file
2409	kn_forum_excel_read_multiple_files_and_sheets
2410	kn_forum_46078_import_text_and_split_column
2411	Reading Weird Time Format
2412	Reading_All_File_and_Feltering_them
2413	read_csv_regex
2414	Recursive Replacement
2415	RecursiveLoop
2416	red neuronal
2417	Reducing Salary
2418	REF Challenge 28
2419	REF Challenge 34
2420	REF Challenge 37
2421	Reference Column Filter
2422	Reference Column Resorter fails for undefined Column Types
2423	Regex-Filter Rows
2424	kn_example_regex_special_characters
2425	Regex Add Column
2426	RegEx extract
2427	kn_example_regex_match_words
2428	Regex String
2429	2020_07_20_Regex_to_Extract_Time_Information
2430	regex_codes
2431	regression
2432	regression for car sales
2433	Regression on Text
2434	Regression Tree Toy Example
2435	Regression_Asg3
2436	relating_terms_with_their_lemmas
2437	relating_terms_with_their_stems
2438	04c. GenericJS VIew - solution
2439	02c. Scatter Plot - solution
2440	Remove blank cells and duplicates
2441	kn_forum_fb_remove_cell_duplicatess
2442	kn_forum_28543_change_column_name_and_insert_header
2443	Remove Rows Containing Words from a List
2444	Remove Square Brackets from Column Cell
2445	Removing Noise from Data
2446	Removing Square Brackets at Start and End
2447	Rename column to last date of the month
2448	2020_11_26_Rename_Columns_By_Position
2449	2019_10_14_Renaming_Files
2450	Reordering rows
2451	REOS
2452	2019_11_26_Repeating_Column_Values
2453	replace-parse-error-with-string
2454	kn_example_blanks_in_column_names
2455	Replace_Excel_Column_Names
2456	kn_forum_45697_reduce_spaces
2457	Replace Values
2458	2020_03_12_Replace_Values_over_Multiple_Columns
2459	Replacing Text Patterns
2460	Replication and Iteration
2461	Report - Table with Images
2462	Reporting
2463	Response_Error_Retry
2464	retail_analytics_knime_workflow1
2465	Retrieve ChEMBL ID from SMILES
2466	Revenue Growth KPI Monthly Static
2467	Reverse Geocoding
2468	RFM Analysis
2469	RFMAnalysis_MRA
2470	RGroup Decomposition
2471	RM2.1 - Iris flower dataset visualized with a Box Plot
2472	Rolling Sum
2473	Rome Houses
2474	rotate tick labels
2475	Row and Column Filter
2476	Row by row comparison in loop
2477	Row Filter Error
2478	Row Sampling
2479	Row Splitter
2480	Row to Column Header
2481	Row to Column Names
2482	RowFilter1
2483	RowFilter_やりたいこと2
2484	RowFilter3
2485	rowfilter_w-newline
2486	Rows to columns
2487	RowSplitter
2488	rsierrama - Count Values above threshold
2489	RSnippetTest
2490	RSS Frequency Sample Data
2491	RSS Reader non-standard keyword extraction
2492	RSS Reader Workflow
2493	Rule-based Row Filter
2494	Rule Based Row Filter
2495	Rule Engine - Manipulation - Question
2496	Rule Engine Config-Interface incomplete
2497	Rule engine in loop test
2498	Rule Engine Interpretes escaped RegEx Line Break
2499	Rule Engine to Column Expression
2500	Rule engine with dates
2501	kn_example_rule_induction_numeric_target
2502	rule_based_filter_dictionary_ipazin
2503	Docking - on Server
2504	01_Run_Jupyter_Notebook_in_KNIME
2505	Run Maestro, command
2506	Maestro commands
2507	05_call_workflow_parallel_(Table)
2508	SAE PROJECT
2509	sALARY rEGRESSION
2510	sales_project
2511	sales_project1
2512	sample_groupby
2513	Sampling Strategies Comparison
2514	SAP Accounts Payable - Vendor Line Item Display (T-Code FBL1N)
2515	SAP Accounts Receivable - Customer Line Item Display (T-code FBL5N)
2516	SAP Controlling - Cost Centers Actual Line Items (T-code KSB1)
2517	SAP ECC Customer Life Time Value Analysis
2518	SAP ECC Customer Returns Analysis
2519	SAP ECC Inventory Management - Material Doc List (T-Code MB51)
2520	SAP Finance - Post Journal Entries T-Code FB50 (BAPI)
2521	SAP General Ledger - Document List (T-code FB03)
2522	SAP General Ledger - GL Account Line Item Display T-code FBL3N
2523	SAP GL Accounting Data Table Extract (BKPF and BSEG)
2524	SAP General Ledger Tables BKPF and BSEG with Dyanmic Filters
2525	SAP Plant Maintenance - Display Functional Location List (T-code IH06)
2526	SAP Purchase Requisition Items Extract (BAPI_REQUISITION_GETITEMS)
2527	SAP Purchasing - Extract Contract Data (Table Extract)
2528	SAP Purchasing - Extract Purchasing Document Data (Table Extract)
2529	SAP Purchasing - Material Analysis (T-code MCE7)
2530	SAP Purchasing - Material Group Analysis (T-code MCE5)
2531	SAP Purchasing - Purchasing Group Analysis (T-code MCE1)
2532	SAP Purchasing - Service Analysis - T-code MCE8
2533	SAP Purchasing - Vendor Analysis (T-code MCE3)
2534	SAP Sales - Extract Customer Material Information Records (BAPI)
2535	SAP Sales - List of Billing Documents (T-Code VF05N)
2536	SAP Sales - List of Contracts (T-Code VA45N)
2537	SAP Sales - List of Quotations (T-code VA25N)
2538	SAP Sales - List of Scheduling Agreements (T-Code VA35N)
2539	SAP_GUI_Scripting_with_python
2540	03_Scatter_Plot_with_Python_View_node
2541	Scatter_Plot
2542	Scatter_Plot_With_Regression-Line
2543	SCD Type 7 (Beta)
2544	kn_example_multiclass
2545	Scraping_NFL_Data_Part_I
2546	Script Throwing 2022-11-28 PA1
2547	Scripting _ Py Script _ Table to Image with matplotlib-pyplot-table
2548	Scripting _ Py Script _ Table to Image with plotly-table
2549	Scripting _ Py View _ Embedding Image from www into Table
2550	SDN Tool
2551	SDN_Query_Example
2552	kn_forum_46146_search_in_all_columns
2553	Season 2 - Challenge 10
2554	Segmenting Consumers
2555	Diversity
2556	Select Images Before PDF OCR
2557	Semana1
2558	Semiempirical
2559	Send email with images in body
2560	SEO_Meetup
2561	Sequence descriptors
2562	Sesiones
2563	Session - IRIS Classification & Prediction - Basic
2564	Session 08_in class
2565	Session 1 - Simpson's Paradox with Educational Expenditure Data
2566	Session 5 - Learn About Linear Regression - With Anomaly Detection Demo and Exercise
2567	Sessional_Credit scoring project
2568	Session_03b_demo_multiple dimensions
2569	Session_04_demo_othervisualtools
2570	Set file name with regular expression
2571	2019_07_17_ShiftDate
2572	Shivam_kumar_jha_credit_scoring_knime_workflow
2573	Shuffle
2574	Signal Processing
2575	Similarity 1-2
2576	Similarity Search Between 2 Groups of Molecules
2577	Simple Chinese GAR Example
2578	Simple Data Manipulate
2579	Example
2580	Simple Fuzzy Match Example
2581	Building a Simple Classifier
2582	Simple PDF Text Extraction
2583	Simple R View
2584	Simple_Classification_L1_Certi_Passed
2585	sms_mensajes_dinamicos_varias_variables
2586	Austin2024
2587	Solihin_Workflow1
2588	Solution1
2589	Solution 1 Training the Decision Tree Algorithm
2590	Solution2
2591	Solution 2 Training Algorithms for Numeric Prediction
2592	Solution3
2593	Solution 3 (Scatter Plot)
2594	Solution 3 Training the Logistic Regression Algorithm
2595	Solution 4 Training the Random Forest Algorithm
2596	Solution 5 (Line Plot)
2597	Solution 7 Practicing with Data Preprocessing Techniques
2598	Solutions to “Just KNIME It!” Challenge 7
2600	Some Useful Queries
2600	Some Useful Queries
2601	Sonar_.knwf
2602	Songs
2603	Sort for Date
2604	Sorter
2605	Sos_Eos
2606	Spark on hadoop
2607	02_SPARQL_SELECT_Query_from_different_endpoints
2608	Spatialjoinexample
2609	Spatial Network Nodes for Drive Time
2610	2019_10_31_Special_Refrence_Row_Filtering
2611	Spectral data extraction
2612	Speed_dating
2613	Split a cell into rows
2614	Split multimers 1-3
2615	Split and label rows
2616	Split Cells and Create New Rows
2617	k_001_split_data
2618	kn_forum_split_data_in_3_parts
2619	2020_08_05_Split_Numbers_vs_Strings
2620	Split PDF To pages
2621	kn_forum_44426_rank_with_rule
2622	split rows by lowest quant in row number
2623	Split variating string into table
2624	2020_03_03_Splitting_Multiple_Collection_Columns
2625	split_string
2626	Split_Table_at_First_Occurence_of_Value
2627	Split_text_into_rows
2628	spontay uhuy
2629	SPO_Hotel
2630	kn_example_db_sqlite_window_rank_timestamp
2631	SQLite Duplicate Detection Similarity Search
2632	Sqlite_MySQL_FT
2633	SQL_conn + EDA
2634	StackedBarChart
2635	station
2636	Power Calculation 1
2637	03. Box Plot and Statistics - solution
2638	Statistics
2639	SteelFaultData
2640	Stop loop on condition
2641	Store
2642	Strategic approach on how get same and different data
2643	String Cleaner Example
2644	String Comparison and Extractions
2645	String insert NULL - KNIME Forum (76691)
2646	String Manipulation
2647	04_StringManipulation_MultiColumn
2648	String manipulation Multi Column NullPointerException
2649	String to Doc to String
2650	String to Number Conversion
2651	StringReplace Regex appends multiple times
2652	string_replace_farsi
2653	Student Decision Tree
2654	Student Linear Regression
2655	students
2656	Sub two tables in KNIME
2657	Subnational_Total_Final_Energy_Consumption_Statistic
2658	Substructure 1
2659	Subtotal_v2
2660	Sum digits in string
2661	Sum Duration Columns WF 1
2662	Sum last 3 non zeros in a row
2663	sum of duplicates
2664	Sumif - sammeredith
2665	Sum_per_Groups
2666	Sum_per_Groups1
2667	Sunburst Chart Coloring
2668	Supply chain node (visualization)
2669	Supported Geometry Types
2670	SVM Learner
2671	SVMcopy2
2672	SVMcopy4
2673	SVM_Workflow_γ and σ fine-tuning
2674	kn_forum_45693_column_expression_replace_comma
2675	t-tests
2676	TablaMuestras
2677	Table-Fip
2678	Table2AsciiDoc
2679	Table Creator via flow Varaibles
2680	05_TableDifference_Finder
2681	Table Pivot without Aggregation
2682	01_Tableau_Integration_Example
2683	Session_01a_demo_table tile view
2684	table_transformation_solution
2685	Tag Documents With Reference Code
2686	Tag Documents With Reference Code PA2
2687	Tarea
2688	Tarea Big Data
2815	KNIME_project
2690	tareaknime
2691	tarea_2_Titanic
2692	Tarea_Big_Data
2693	Task 1
2694	Task 3
2695	Task 5
2696	Task_1
2697	Task_fligh_data
2698	TEAM7_ASSIGN2fi_ITSCM774
2699	TEAM7_ASSIGN2_ITSCM774
2700	Team 1 Group Assignment 1
2701	Tech Wave Case Study
2702	Telve
2703	Teléfonos Webinars
2704	TermProject
2705	TermProject_SR
2706	TermProject_Team3
2707	TermProject_Team3_Suraj_1
2708	TermVectorBug
2709	Term_Project_12.08_042023_RB
2710	Term_Project_13.15_042123_BP
2711	Term_Project_15.04_042023_RB
2712	Term_Project_Spr23
2713	Tess4J Norsk
2714	test1
2715	test 1
2716	Test All
2717	Test condition in window
2718	kn_example_utf8_hindi_bengali
2719	Test Results Data analytics
2720	testASGARD
2721	KNIME server file path
2722	TestElecConsump
2723	Testen Normaalverdeling
2724	Testknime
2725	testproject
2726	Testprojekt
2727	TestWorkflow
2728	Test_project
2729	Text cell parsing
2730	Text Deduplication
2731	text processing
2732	Text Processing _ Multiple String Replacement in Text from Dictionary
2733	text_classification
2734	text_clustering
2735	Text_Processing
2736	Text_Processing_Count_Words
2737	The Queen's Gambit
2738	kn_example_traveling_salesman_problem_python
2739	THK_Demo
2740	Ticket Assignment
2741	Ticket Assignment 1
2742	Ticketing Management
2743	Tika parser and timezones
2744	Time-over-Time Analysis
2745	Time chart of Wind
2746	Small_Multiples_R_Bar_Chart
2747	titanic-rf4
2748	titanic
2749	Titanic - Random Forest
2750	Titanic_Clasificación
2751	Titanic_Evaluación
2752	Titanic_Final
2753	Titanic_Kaggle
2754	Titanic_Project
2755	Titanic_WorkFlow
2756	titnanic_ship_sunk
2757	TK4
2758	tkinter
2759	TKS-Zuordnung
2760	Tools
2761	Tooltip Examples
2762	Top 10 hashtags display using table view
2763	Top k Selector
2764	Topic-modeling_CMiP
2765	Total row in pivot
2766	Trabajo de estructuracion de datos
2767	06_Train_Machine_Learning_Model_using_Scikit-learn_package
2768	titanic-glm1
2769	titanic-tree1
2770	Transcription Factor Compounds (Haley)
2771	Transductive Conformal
2772	01_Transform_Using_Group_By_and_Joiner_nodes
2773	04_Transform_Using_Math_formula_and_Cell_Splitter_node
2774	02_Transform_Using_the_Pivoting_Node
2775	03_Transform_Using_Rule_Engine_and_String_Manipulation_Node
2776	kn_forum_29997_one_to_many
2777	Translate_Smile_to2DMolecularStruture
2778	Transpose
2779	Transpose - Are column types preserved or re-interpreted
2780	Treemap
2781	Truncate String
2782	kn_forum_40107_excel_import_merged_cells
2783	try_catch_with_loops
2784	TSU_KNIME_project
2785	TUP Seminarska
2786	turn columns into rows
2787	tweets_sentiment analysis
2788	Twitter Scrapper - ITBA
2789	txt to xml file
2790	tylerudite-airports-airlines-and-routes
2791	UAE Numbering Plan_v1
2792	UC1
2794	UC1 Alternative
2794	UC1 Alternative
2795	UC 2
2796	UC 3
2797	Uitwerking Knime opdracht 3
2798	Uitwerkingen Knime opdracht 2
2799	Uitwerkingen oefenopdrachten H1,H2,H3
2800	UK postcode extraction
2801	Unable to deal with invinsible inucode characters
2802	Ungroup_Outliers_Aggregate
2803	UNION RECORD
2804	uniprot_to_ensemble_id
2805	01_Univariate_Analysis
2806	Unix timestamp
2807	Unpivot
2808	Unpivot and Split
2809	Unpivot Example
2810	Unpivoting
2811	Unpivoting - fredrikt
2812	unsupervisedL
2813	Unsupervised_EV_populaation_project
2814	UpDownTables_PerComparison
2815	KNIME_project
2816	Urbanization
2817	2019_08_08_Global_Variable_Column_Expressions
2818	Use another record by offset
2819	KNIME_project 1
2821	Use Case 2
2821	Use Case 2
2822	2019_09_12_CASE_Switch_based_on_Value_Selection
2823	Use Decompress Files(with Variables)
2824	kn_example_java_equals_multiply_one_cell_not_all
2825	kn_example_date_time_java
2826	kn_example_metasearch_workflowset_knime
2827	kn_example_r_hex_convert
2828	kn_example_r_hex_convert_string
2829	kn_forum_48589_university_checked
2830	kn_example_rose_balanced
2831	users_new
2832	GroupBy_FlowVariables
2833	Using Gaussian Processes to predict XOR data
2834	流程-变量
2835	Uso del nodo GROUPBy
2836	Uyen_workflow
2837	V - Date to Fiscal
2838	Validate parameters 1
2839	Validating Email Addresses
2840	2021_08_04_Values_to_Columns_Data_Transformation
2841	Variable_Output_File_Name_And_XML_Output
2842	kn_example_r_date_formats_extended
2843	kn_example_date_string_format
2844	Vendas Everest
2845	Vendas Imputadas
2846	Vendor Reporting
2847	Vernalis - IF CASE Flow Variable Bug
2848	Virtual screening 1-2
2849	vis-diamonds1
2850	vis-diamonds2
2851	07_Visualisation_with_Python_View_using_Matplotlib_Seaborn_package
2852	Visualization 1
2853	Visualization 2
2854	03_Visualizing_Subplots_using_Matplotlib_package
2855	Visualizations
2856	corrplot
2857	01_Visualize_Correlation_Matrix_using_Seaborn_Package
2858	Visualize Features
2859	Visualize the Best Place in the World on a Map
2860	Vizualization 2
2861	VL1_TitanicData
2862	VLOOKUP function (Same Sheet)
2863	m_001_wahlstatistik_2021_import_daten
2864	Wayne_Enterprises_Datapreparation
2865	WC
2866	WC_recommend
2867	web
2868	Website Boosting 72
2869	Website Boosting 75
2870	Website Boosting 76 - Ankertexte
2871	Website Boosting 79 - GSC Audit
2872	Wechselkurse_vergleichen
2873	Wed-1
2874	Week1
2875	week 4
2876	Week 5 Complex Vars
2877	Week 5 DIM Reduct
2878	Week numbers different date systems - KNIME Forum (76641)
2879	Weekdays between 2 Columns
2880	Week_22_RFM_Assessment
2881	Wholesale_suoervised
2882	wholesale_unsupervised
2883	2021_03_11_Wildcard_Reference_Row_Filtering
2884	wine
2885	Wine_Quality
2886	WIPO_SEQUENCE_LISTING_ST.25_to_table
2887	Women in Government
2888	Word Extraction
2889	WordScramble
2890	Work-Flow-no-1-Read-Plot-11 HSV 4
2891	Work flow
2892	Workflow 2
2893	Workflow 3
2894	00_check_prime_number
2895	Workflow_writer_test_1
2896	Working with API
2897	kn_example_python_polars_pandas_arrow
2898	Workshop_1.knwf
2899	world heritage
2900	Write Data to File
2901	Write Date Stamped file w Multiple Tabs
2902	2021_03_03_Write_Multiple_Excel_Sheets
2903	Python_module_files_to_workflow_directory
2904	Write_CSV-files_to_the_HUB
2905	WTK_Polygon_to_geometry
2906	x2y Metric
2907	XGBoost Example
2908	XIII - Onsite and Online Transaction
2909	02_XML_processing_(Bush_books)_XPath_mo_working
2910	XML reader
2911	xml replacer with xml demo files
2912	A112_XMLSplit_Xpath
2913	XPath attribute with colon fails to validate
2914	xpath fun
2915	BUG Xpath return missing
2916	Xpath select multiple nodes
2917	XPath webpage table extraction
2918	Year Temps Bar chart
2919	2021_02_17_Yearly_Revenue_Breakdown
2920	Yesterday's date (Unix) to variable
2921	Yield Forecast
2922	ZINC download
2923	Zomato_Review_Sentiment_Analysis
2924	Z_017_combine-check
2925	Z_018_timestamp
2926	Z_020_Unpivot
2927	Z_021_dict
2928	Z_022_unpivot
2929	Z_023_Cell splitting
2930	Z_024_prefix detection
2931	Z_025_unpivot
2932	Z_027_slot_duration
2933	Z_028_date format
2934	Z_031_dates_frame to single
2935	Z_901_weekno
2936	[Latest] Consolidated 5 Mar 0842PM
2937	Кейс 34
2938	Кейс_7_1-ABC-XYZ
2939	Черновик
2940	Пример 2_803-804
2941	Пример 6 803-804
2942	Пример_1_803-804
2943	Экзамен
2944	A108_TryAndCatch
2945	I118_CellSplitter
2946	A110_ZeroPointTuning
2947	I217_ExtractTableSpec
2948	A101_DataBaseNode
2949	V104_Histogram
2950	I116_RuleEngine
2951	Loop
2952	I117_Value_Count
2953	I106_NorminalValueRowFilter
2954	V103_PieChart
2955	I112_ExtractCloumnHeader
2956	I113_InsertCloumnHeader
2957	I115_ReferenceColumnFilter
2958	A105_Java_Fixed_Length_Input(Digit)
2959	I201_CountingLoop
2960	数据清洗
2961	I119_CellSplitterByPosition
2962	I124_DateTimeShift
2963	I125_DateTime-based_RowFilter
2964	I126_ExtractDateTimeFields
2965	I123_DateTimeDifference
2966	A109_VariableLoopEnd
2967	I205_RoundDouble
2968	V101_BarChart
2969	I120_MissingValue
2970	测试MySQL连接和数据处理
2971	A113_Recursive_Loop
2972	I218_LinearCorrelation
2973	I209_MovingAverage
2974	A115_EmptySwitch
2975	I216_MovingAggregation
2976	I122_CrossJoiner
2977	V102_LineChart
2978	I110_Transpose
2979	I114_RowID
2980	I202_ChunkLoop
2981	读多个文件多个工作表
2982	I107_DuplicateRowFilter